distance_ft,banking_degrees,section
0.0,0.0,0
22.20676344086021,0.0,0
44.41352688172042,0.0,0
66.62029032258064,0.0,0
88.82705376344084,0.0,0
111.03381720430107,0.0,0
133.2405806451613,0.0,0
155.4473440860215,0.0,0
177.6541075268817,0.0,0
199.8608709677419,0.0,0
222.06763440860215,0.0,0
244.2743978494624,0.0,0
266.4811612903226,0.0,0
288.68792473118276,0.0,0
310.894688172043,0.0,0
333.10145161290325,0.0,0
355.3082150537634,0.0,0
377.5149784946236,0.0,0
399.7217419354838,0.0,0
421.9285053763441,0.0,0
444.1352688172043,0.0,0
466.3420322580645,0.0,0
488.5487956989248,0.0,0
510.75555913978496,0.0,0
532.9623225806452,0.0,0
555.1690860215053,0.0,0
577.3758494623655,0.0,0
599.5826129032258,0.0,0
621.789376344086,0.0,0
643.9961397849462,0.0,0
666.2029032258065,0.0,0
688.4096666666667,0.0,1
691.6770107526881,-0.0010699894126849161,1
694.9443548387096,-0.004137292389005088,1
698.2116989247312,-0.00898791099387399,1
701.4790430107527,-0.015407847173039004,1
704.7463870967741,-0.023183102679033594,1
708.0137311827956,-0.032099679025854456,1
711.2810752688172,-0.041943577489568895,1
714.5484193548386,-0.05250079916146965,1
717.8157634408602,-0.06355734505147853,1
721.0831075268818,-0.07489921623225568,1
724.3504516129033,-0.08631241400889869,1
727.6177956989247,-0.09758294009521537,1
730.8851397849463,-0.10849679677532456,1
734.1524838709678,-0.11883998702878264,1
737.4198279569893,-0.12839851459854815,1
740.6871720430107,-0.13695838398388407,1
743.9545161290323,-0.14430560034475481,1
747.2218602150538,-0.15022616931040367,1
750.4892043010752,-0.15450609669260212,1
753.7565483870967,-0.15693138811352825,1
757.0238924731183,-0.15728804856938208,1
760.2912365591397,-0.15536208196365847,1
763.5585806451613,-0.1509394906584838,1
766.8259247311829,-0.14380627510858898,1
770.0932688172044,-0.1337484336603159,1
773.3606129032258,-0.1205519626175665,1
776.6279569892473,-0.10400285669777816,1
779.8953010752689,-0.08388711002386118,1
783.1626451612904,-0.05999071782255526,1
786.4299892473118,-0.032099679025854526,1
789.6973333333333,0.0,2
790.0504086021505,0.003333714704289795,2
790.4034838709678,0.005965227648596954,2
790.7565591397849,0.007944189259396542,2
791.1096344086022,0.009320249970313397,2
791.4627096774193,0.01014306021485236,2
791.8157849462366,0.010462270422901656,2
792.1688602150538,0.010327531019797732,2
792.5219354838711,0.009788492426972209,2
792.8750107526881,0.008894805063413407,2
793.2280860215054,0.007696119347366002,2
793.5811612903226,0.006242085697862139,2
793.9342365591398,0.004582354535826543,2
794.287311827957,0.0027665762846266393,2
794.6403870967741,0.0008444013700456679,2
794.9934623655914,-0.0011345197802563106,2
795.3465376344086,-0.0031205367376633112,2
795.6996129032259,-0.005063999073731202,2
796.052688172043,-0.006915256361323021,2
796.4057634408603,-0.008624658175550656,2
796.7588387096774,-0.010142554094338086,2
797.1119139784945,-0.011419293698461312,2
797.4649892473118,-0.012405226570979757,2
797.818064516129,-0.01305070229605284,2
798.1711397849463,-0.013306070457239761,2
798.5242150537634,-0.01312168063549972,2
798.8772903225807,-0.012447882407255063,2
799.2303655913978,-0.011235025343043072,2
799.5834408602151,-0.009433459007467187,2
799.9365161290323,-0.0069935329613641925,2
800.2895913978496,-0.003865596767330782,2
800.6426666666666,0.0,3
803.2348279569893,0.031221661398252575,3
805.8269892473119,0.06256523866769387,3
808.4191505376344,0.09413821243122467,3
811.011311827957,0.12604806195604148,3
813.6034731182796,0.15840226446002825,3
816.1956344086021,0.1913082943690298,3
818.7877956989248,0.22487362250818582,3
821.3799569892474,0.2592057152096285,3
823.9721182795699,0.294412033317765,3
826.5642795698925,0.33060003107207175,3
829.1564408602151,0.3678771548458214,3
831.7486021505377,0.4063508417174528,3
834.3407634408603,0.44612851784936614,3
836.9329247311829,0.48731759664679936,3
839.5250860215054,0.5300254766670957,3
842.1172473118279,0.5743595392471321,3
844.7094086021505,0.6204271458139218,3
847.301569892473,0.6683356348404489,3
849.8937311827956,0.7181923184056351,3
852.4858924731183,0.7701044783139765,3
855.0780537634408,0.8241793617268351,3
857.6702150537634,0.8805241762536097,3
860.262376344086,0.9392460844470716,3
862.8545376344085,1.0004521976430163,3
865.4466989247312,1.0642495690800615,3
868.0388602150538,1.1307451862309321,3
870.6310215053763,1.200045962271899,3
873.2231827956989,1.2722587266122176,3
875.8153440860215,1.3474902144004128,3
878.407505376344,1.4258470549191251,3
880.9996666666667,1.507435758774968,4
884.151569892473,1.6083154543043858,4
887.3034731182796,1.7085473947378462,4
890.455376344086,1.8081047384023732,4
893.6072795698925,1.9069606777746568,4
896.759182795699,2.005088440459115,4
899.9110860215054,2.102461290091844,4
903.0629892473119,2.1990525271684036,4
906.2148924731182,2.294835489793536,4
909.3667956989248,2.3897835543509687,4
912.5186989247311,2.4838701360916224,4
915.6706021505377,2.577068689638623,4
918.8225053763441,2.6693527094076472,4
921.9744086021504,2.760695729941258,4
925.126311827957,2.851071326155992,4
928.2782150537633,2.9404531135011114,4
931.4301182795699,3.0288147480280223,4
934.5820215053764,3.116129926369526,4
937.7339247311828,3.2023723856281854,4
940.8858279569893,3.287515903173205,4
944.0377311827956,3.371534296345385,4
947.1896344086022,3.4544014220698176,4
950.3415376344086,3.536091176376151,4
953.4934408602151,3.61657749382637,4
956.6453440860215,3.6958343468501758,4
959.7972473118278,3.7738357449882116,4
962.9491505376344,3.8505557340435,4
966.1010537634409,3.925968395141586,4
969.2529569892473,4.000047843700074,4
972.4048602150538,4.072768228308344,4
975.5567634408603,4.1441037295183785,4
978.7086666666667,4.214178522734044,5
984.5421666666666,4.341914241771175,5
990.3756666666667,4.468813234969419,5
996.2091666666666,4.594810191217593,5
1002.0426666666667,4.719839934696248,5
1007.8761666666667,4.843837428425163,5
1013.7096666666666,4.9667377774028845,5
1019.5431666666667,5.088476231321299,5
1025.3766666666668,5.208988186839181,5
1031.2101666666667,5.328209189399657,5
1037.0436666666667,5.44607493457753,5
1042.8771666666667,5.562521268943501,5
1048.7106666666666,5.67748419043337,5
1054.5441666666666,5.7908998482114855,5
1060.3776666666668,5.902704542018751,5
1066.2111666666667,6.012834720996771,5
1072.0446666666667,6.121226981980835,5
1077.8781666666666,6.227818067255662,5
1083.7116666666666,6.332544861769088,5
1089.5451666666668,6.435344389800075,5
1095.3786666666667,6.5361538110787,5
1101.2121666666667,6.634910416357099,5
1107.0456666666666,6.731551622431522,5
1112.8791666666666,6.826014966617101,5
1118.7126666666666,6.918238100678126,5
1124.5461666666667,7.008158784218023,5
1130.3796666666667,7.095714877534526,5
1136.2131666666667,7.180844333946955,5
1142.0466666666666,7.263485191603786,5
1147.8801666666666,7.343575564780173,5
1153.7136666666668,7.421053634676419,5
1159.5471666666667,7.49585763972986,6
1165.3546397849464,7.569762182545487,6
1171.1621129032258,7.645049317990149,6
1176.9695860215054,7.7214577424505375,6
1182.7770591397848,7.798726480404821,6
1188.5845322580644,7.876594904960056,6
1194.392005376344,7.954802755769126,6
1200.1994784946237,8.033090154122808,6
1206.0069516129033,8.11119761500746,6
1211.814424731183,8.188866055916764,6
1217.6218978494624,8.26583680220674,6
1223.429370967742,8.341851588786893,6
1229.2368440860214,8.416652557946774,6
1235.044317204301,8.489982253126314,6
1240.8517903225807,8.561583608450091,6
1246.6592634408603,8.631199933859955,6
1252.4667365591397,8.698574895697194,6
1258.2742096774193,8.763452492604756,6
1264.081682795699,8.8255770266416,6
1269.8891559139786,8.884693069525161,6
1275.696629032258,8.94054542394427,6
1281.5041021505376,8.992879079913372,6
1287.311575268817,9.041439166169685,6
1293.1190483870967,9.08597089664805,6
1298.9265215053763,9.126219512103773,6
1304.733994623656,9.161930216991323,6
1310.5414677419355,9.192848111747226,6
1316.3489408602152,9.21871812066808,6
1322.1564139784948,9.239284915620074,6
1327.9638870967742,9.254292835864602,6
1333.7713602150538,9.263485804335689,6
1339.5788333333333,9.266607240759202,7
1345.3884032258063,9.266607240759202,7
1351.1979731182796,9.266607240759202,7
1357.0075430107527,9.266607240759202,7
1362.817112903226,9.266607240759202,7
1368.6266827956988,9.266607240759202,7
1374.4362526881719,9.266607240759202,7
1380.2458225806452,9.266607240759202,7
1386.0553924731182,9.266607240759202,7
1391.8649623655915,9.266607240759202,7
1397.6745322580646,9.266607240759202,7
1403.4841021505376,9.266607240759202,7
1409.2936720430107,9.266607240759202,7
1415.1032419354838,9.266607240759202,7
1420.912811827957,9.266607240759202,7
1426.7223817204301,9.266607240759202,7
1432.5319516129032,9.266607240759202,7
1438.3415215053762,9.266607240759202,7
1444.1510913978495,9.266607240759202,7
1449.9606612903228,9.266607240759202,7
1455.7702311827957,9.266607240759202,7
1461.579801075269,9.266607240759202,7
1467.389370967742,9.266607240759202,7
1473.1989408602149,9.266607240759202,7
1479.0085107526882,9.266607240759202,7
1484.8180806451614,9.266607240759202,7
1490.6276505376343,9.266607240759202,7
1496.4372204301076,9.266607240759202,7
1502.2467903225806,9.266607240759202,7
1508.056360215054,9.266607240759202,7
1513.8659301075268,9.266607240759202,7
1519.6755,9.266607240759202,8
1527.3933924731184,9.266607240759202,8
1535.1112849462365,9.266607240759202,8
1542.829177419355,9.266607240759202,8
1550.5470698924732,9.266607240759202,8
1558.2649623655914,9.266607240759202,8
1565.9828548387097,9.266607240759202,8
1573.700747311828,9.266607240759202,8
1581.4186397849462,9.266607240759202,8
1589.1365322580646,9.266607240759202,8
1596.854424731183,9.266607240759202,8
1604.572317204301,9.266607240759202,8
1612.2902096774194,9.266607240759202,8
1620.0081021505378,9.266607240759202,8
1627.725994623656,9.266607240759202,8
1635.4438870967742,9.266607240759202,8
1643.1617795698926,9.266607240759202,8
1650.8796720430105,9.266607240759202,8
1658.597564516129,9.266607240759202,8
1666.3154569892474,9.266607240759202,8
1674.0333494623658,9.266607240759202,8
1681.751241935484,9.266607240759202,8
1689.4691344086023,9.266607240759202,8
1697.1870268817206,9.266607240759202,8
1704.9049193548387,9.266607240759202,8
1712.622811827957,9.266607240759202,8
1720.3407043010754,9.266607240759202,8
1728.0585967741933,9.266607240759202,8
1735.776489247312,9.266607240759202,8
1743.4943817204303,9.266607240759202,8
1751.2122741935482,9.266607240759202,8
1758.9301666666668,9.266607240759202,9
1764.7549516129031,9.266607240759202,9
1770.57973655914,9.266607240759202,9
1776.4045215053764,9.266607240759202,9
1782.2293064516127,9.266607240759202,9
1788.0540913978496,9.266607240759202,9
1793.878876344086,9.266607240759202,9
1799.7036612903225,9.266607240759202,9
1805.5284462365591,9.266607240759202,9
1811.3532311827955,9.266607240759202,9
1817.1780161290324,9.266607240759202,9
1823.0028010752687,9.266607240759202,9
1828.8275860215053,9.266607240759202,9
1834.652370967742,9.266607240759202,9
1840.4771559139785,9.266607240759202,9
1846.301940860215,9.266607240759202,9
1852.1267258064518,9.266607240759202,9
1857.9515107526881,9.266607240759202,9
1863.7762956989245,9.266607240759202,9
1869.6010806451613,9.266607240759202,9
1875.4258655913977,9.266607240759202,9
1881.2506505376343,9.266607240759202,9
1887.075435483871,9.266607240759202,9
1892.9002204301075,9.266607240759202,9
1898.725005376344,9.266607240759202,9
1904.5497903225807,9.266607240759202,9
1910.3745752688171,9.266607240759202,9
1916.199360215054,9.266607240759202,9
1922.0241451612903,9.266607240759202,9
1927.8489301075267,9.266607240759202,9
1933.6737150537635,9.266607240759202,9
1939.4985,9.266607240759202,10
1951.1174247311828,9.258298225538718,10
1962.7363494623658,9.233865443699196,10
1974.3552741935482,9.194047291357672,10
1985.9741989247311,9.13957873500358,10
1997.593123655914,9.071192012014102,10
2009.212048387097,8.989617309560936,10
2020.8309731182794,8.89558341431939,10
2032.4498978494623,8.789818326546088,10
2044.0688225806452,8.673049833160684,10
2055.687747311828,8.54600603546106,10
2067.306672043011,8.409415828030566,10
2078.9255967741933,8.264009326267525,10
2090.5445215053765,8.110518240787853,10
2102.163446236559,7.94967619772572,10
2113.7823709677423,7.782219004687363,10
2125.4012956989245,7.608884862801232,10
2137.0202204301077,7.430414525953425,10
2148.6391451612903,7.247551408899815,10
2160.258069892473,7.061041646503356,10
2171.876994623656,6.871634106853795,10
2183.4959193548384,6.680080361483735,10
2195.1148440860215,6.487134616295873,10
2206.7337688172042,6.293553607156682,10
2218.352693548387,6.100096464387648,10
2229.9716182795696,5.907524550591922,10
2241.5905430107528,5.716601276387899,10
2253.2094677419354,5.528091898677942,10
2264.8283924731186,5.3427633060570585,10
2276.447317204301,5.1613837958600035,10
2288.066241935484,4.984722847154013,10
2299.6851666666666,4.813550893706532,11
2304.976897849462,4.740708151473912,11
2310.268629032258,4.675112766329891,11
2315.560360215054,4.616386908430794,11
2320.8520913978496,4.564151974587392,11
2326.143822580645,4.518028692310957,11
2331.435553763441,4.477637212389544,11
2336.7272849462365,4.442597191239959,11
2342.0190161290325,4.41252786414088,11
2347.310747311828,4.387048110319361,11
2352.6024784946235,4.365776510737361,11
2357.8942096774194,4.348331399307009,11
2363.185940860215,4.33433090815374,11
2368.4776720430104,4.32339300744521,11
2373.7694032258064,4.315135540211494,11
2379.0611344086024,4.3091762524984665,11
2384.352865591398,4.3051328191217495,11
2389.6445967741934,4.302622865223177,11
2394.9363279569893,4.301263983775621,11
2400.2280591397853,4.300673749135013,11
2405.519790322581,4.300469726700986,11
2410.8115215053763,4.300269478719171,11
2416.103252688172,4.299690566239497,11
2421.3949838709677,4.2983505472352475,11
2426.6867150537637,4.29586697088761,11
2431.978446236559,4.2918573680497065,11
2437.2701774193547,4.285939237922788,11
2442.5619086021507,4.277730031005309,11
2447.853639784946,4.266847128413106,11
2453.145370967742,4.25290781771578,11
2458.4371021505376,4.235529265490757,11
2463.728833333333,4.214178522734044,12
2466.902801075269,4.20093659477003,12
2470.0767688172045,4.189061195870793,12
2473.25073655914,4.178502400395184,12
2476.4247043010755,4.169210263049335,12
2479.598672043011,4.161134820730731,12
2482.772639784946,4.1542260942674485,12
2485.9466075268815,4.148434090058353,12
2489.120575268817,4.143708801619581,12
2492.2945430107525,4.140000211042115,12
2495.468510752688,4.137258290364833,12
2498.642478494624,4.135433002866922,12
2501.8164462365594,4.134474304283173,12
2504.990413978495,4.13433214394522,12
2508.1643817204304,4.134956465851449,12
2511.338349462366,4.136297209667883,12
2514.512317204301,4.138304311662077,12
2517.6862849462364,4.140927705571666,12
2520.860252688172,4.144117323408944,12
2524.0342204301073,4.147823096202583,12
2527.208188172043,4.151994954677302,12
2530.3821559139783,4.15658282987209,12
2533.5561236559142,4.16153665369736,12
2536.7300913978497,4.1668063594312015,12
2539.904059139785,4.172341882154769,12
2543.0780268817207,4.178093159126607,12
2546.2519946236557,4.184010130095677,12
2549.425962365591,4.190042737552669,12
2552.5999301075267,4.1961409269191075,12
2555.773897849462,4.202254646673718,12
2558.9478655913977,4.208333848415436,12
2562.121833333333,4.214178522734044,13
2564.303725806452,4.218052970968017,13
2566.4856182795697,4.221538843470534,13
2568.667510752688,4.224649590763418,13
2570.8494032258063,4.227398661838426,13
2573.0312956989246,4.229799504280263,13
2575.213188172043,4.2318655643858785,13
2577.395080645161,4.233610287279912,13
2579.5769731182795,4.235047117026186,13
2581.758865591398,4.236189496735116,13
2583.940758064516,4.237050868666972,13
2586.1226505376344,4.237644674330869,13
2588.3045430107527,4.237984354579434,13
2590.486435483871,4.238083349699071,13
2592.6683279569893,4.237955099495753,13
2594.8502204301076,4.237613043376302,13
2597.032112903226,4.2370706204251025,13
2599.2140053763437,4.236341269476193,13
2601.3958978494625,4.235438429180743,13
2603.5777903225808,4.234375538069837,13
2605.759682795699,4.23316603461258,13
2607.9415752688174,4.231823357269492,13
2610.1234677419357,4.230360944541186,13
2612.305360215054,4.228792235012317,13
2614.487252688172,4.227130667390799,13
2616.6691451612905,4.225389680542294,13
2618.851037634409,4.223582713519978,13
2621.0329301075267,4.221723205589574,13
2623.214822580645,4.2198245962496905,13
2625.3967150537637,4.217900325247442,13
2627.5786075268816,4.215963832589392,13
2629.7605,4.214178522734044,14
2637.4958440860214,4.206858394818927,14
2645.231188172043,4.198590505930978,14
2652.9665322580645,4.189523314912022,14
2660.701876344086,4.1798052890446025,14
2668.4372204301076,4.1695849067780335,14
2676.172564516129,4.1590106598608,14
2683.9079086021507,4.148231054884997,14
2691.6432526881717,4.137394614250422,14
2699.3785967741933,4.126649876557192,14
2707.113940860215,4.116145396436567,14
2714.8492849462364,4.106029743829844,14
2722.584629032258,4.096451502724886,14
2730.3199731182794,4.087559269358909,14
2738.055317204301,4.079501649894791,14
2745.7906612903225,4.0724272575761,14
2753.526005376344,4.066484709363539,14
2761.2613494623656,4.061822622052396,14
2768.9966935483867,4.058589607866945,14
2776.7320376344087,4.056934269523526,14
2784.4673817204302,4.057005194749291,14
2792.202725806452,4.058950950238298,14
2799.938069892473,4.062920075020793,14
2807.673413978495,4.069061073215098,14
2815.408758064516,4.077522406124613,14
2823.1441021505375,4.088452483634984,14
2830.879446236559,4.101999654858407,14
2838.6147903225806,4.1183121979636415,14
2846.3501344086017,4.137538309121128,14
2854.0854784946237,4.159826090483163,14
2861.8208225806457,4.185323537108973,14
2869.5561666666667,4.214178522734044,15
2872.467086021505,4.225720723603282,15
2875.378005376344,4.237359457054239,15
2878.2889247311828,4.249138534363409,15
2881.1998440860216,4.26110176127104,15
2884.1107634408604,4.273292937757184,15
2887.0216827956992,4.28575585776444,15
2889.9326021505376,4.29853430886631,15
2892.8435215053764,4.311672071880013,15
2895.754440860215,4.325212920422514,15
2898.6653602150536,4.339200620408433,15
2901.576279569892,4.353678929488368,15
2904.4871989247313,4.368691596426053,15
2907.39811827957,4.384282360412633,15
2910.309037634409,4.400494950316159,15
2913.2199569892473,4.417373083864267,15
2916.130876344086,4.434960466757793,15
2919.0417956989245,4.4533007917129135,15
2921.9527150537633,4.4724377374291535,15
2924.8636344086017,4.492414967480408,15
2927.774553763441,4.513276129125879,15
2930.68547311828,4.535064852037581,15
2933.596392473118,4.557824746940801,15
2936.507311827957,4.5815994041636285,15
2939.418231182796,4.606432392091396,15
2942.329150537634,4.632367255521534,15
2945.240069892473,4.659447513914091,15
2948.1509892473114,4.687716659532778,15
2951.0619086021507,4.717218155471112,15
2953.9728279569895,4.74799543355788,15
2956.883747311828,4.780091892135748,15
2959.7946666666667,4.813550893706532,16
2971.410069892473,4.954866671636306,16
2983.02547311828,5.105613770866488,16
2994.640876344086,5.264819915562061,16
3006.2562795698923,5.43151327720505,16
3017.871682795699,5.604722774360067,16
3029.487086021505,5.7834783809204975,16
3041.1024892473115,5.966811439144659,16
3052.7178924731184,6.153754972779329,16
3064.3332956989248,6.343343994727703,16
3075.9486989247316,6.534615803050887,16
3087.5641021505376,6.726610258595085,16
3099.179505376344,6.918370037208553,16
3110.794908602151,7.108940849349381,16
3122.4103118279572,7.29737161988242,16
3134.025715053763,7.4827146210147415,16
3145.64111827957,7.664025551617074,16
3157.2565215053764,7.840363556615335,16
3168.8719247311824,8.010791180703615,16
3180.4873279569892,8.17437425131883,16
3192.1027311827957,8.330181686619715,16
3203.718134408602,8.477285225120976,16
3215.333537634409,8.614759074641029,16
3226.948940860215,8.741679479323457,16
3238.5643440860213,8.857124204685693,16
3250.179747311828,8.96017194193237,16
3261.795150537634,9.049901634147957,16
3273.410553763441,9.125391728459052,16
3285.0259569892473,9.185719359839759,16
3296.6413602150537,9.22995947393683,16
3308.2567634408606,9.257183898130968,16
3319.8721666666665,9.266607240759202,17
3325.6895,9.266607240759202,17
3331.5068333333334,9.266607240759202,17
3337.3241666666668,9.266607240759202,17
3343.1415,9.266607240759202,17
3348.958833333333,9.266607240759202,17
3354.7761666666665,9.266607240759202,17
3360.5935,9.266607240759202,17
3366.4108333333334,9.266607240759202,17
3372.2281666666668,9.266607240759202,17
3378.0455,9.266607240759202,17
3383.862833333333,9.266607240759202,17
3389.6801666666665,9.266607240759202,17
3395.4975,9.266607240759202,17
3401.3148333333334,9.266607240759202,17
3407.1321666666668,9.266607240759202,17
3412.9495,9.266607240759202,17
3418.766833333333,9.266607240759202,17
3424.5841666666665,9.266607240759202,17
3430.4015,9.266607240759202,17
3436.2188333333334,9.266607240759202,17
3442.0361666666668,9.266607240759202,17
3447.8535,9.266607240759202,17
3453.670833333333,9.266607240759202,17
3459.4881666666665,9.266607240759202,17
3465.3055,9.266607240759202,17
3471.1228333333333,9.266607240759202,17
3476.9401666666668,9.266607240759202,17
3482.7575,9.266607240759202,17
3488.574833333333,9.266607240759202,17
3494.3921666666665,9.266607240759202,17
3500.2095,9.266607240759202,18
3507.9789247311824,9.266607240759202,18
3515.7483494623657,9.266607240759202,18
3523.517774193548,9.266607240759202,18
3531.2871989247315,9.266607240759202,18
3539.056623655914,9.266607240759202,18
3546.8260483870968,9.266607240759202,18
3554.5954731182796,9.266607240759202,18
3562.3648978494625,9.266607240759202,18
3570.134322580645,9.266607240759202,18
3577.903747311828,9.266607240759202,18
3585.6731720430107,9.266607240759202,18
3593.4425967741936,9.266607240759202,18
3601.2120215053765,9.266607240759202,18
3608.981446236559,9.266607240759202,18
3616.7508709677422,9.266607240759202,18
3624.5202956989247,9.266607240759202,18
3632.289720430108,9.266607240759202,18
3640.0591451612904,9.266607240759202,18
3647.828569892473,9.266607240759202,18
3655.597994623656,9.266607240759202,18
3663.3674193548386,9.266607240759202,18
3671.136844086022,9.266607240759202,18
3678.9062688172044,9.266607240759202,18
3686.675693548387,9.266607240759202,18
3694.44511827957,9.266607240759202,18
3702.2145430107525,9.266607240759202,18
3709.9839677419354,9.266607240759202,18
3717.7533924731183,9.266607240759202,18
3725.5228172043007,9.266607240759202,18
3733.292241935484,9.266607240759202,18
3741.0616666666665,9.266607240759202,19
3746.8835698924727,9.266607240759202,19
3752.7054731182798,9.266607240759202,19
3758.527376344086,9.266607240759202,19
3764.349279569892,9.266607240759202,19
3770.171182795699,9.266607240759202,19
3775.9930860215054,9.266607240759202,19
3781.8149892473116,9.266607240759202,19
3787.636892473118,9.266607240759202,19
3793.4587956989244,9.266607240759202,19
3799.2806989247315,9.266607240759202,19
3805.1026021505377,9.266607240759202,19
3810.924505376344,9.266607240759202,19
3816.746408602151,9.266607240759202,19
3822.568311827957,9.266607240759202,19
3828.3902150537633,9.266607240759202,19
3834.21211827957,9.266607240759202,19
3840.034021505376,9.266607240759202,19
3845.8559247311828,9.266607240759202,19
3851.6778279569894,9.266607240759202,19
3857.4997311827956,9.266607240759202,19
3863.3216344086018,9.266607240759202,19
3869.143537634409,9.266607240759202,19
3874.965440860215,9.266607240759202,19
3880.787344086021,9.266607240759202,19
3886.609247311828,9.266607240759202,19
3892.4311505376345,9.266607240759202,19
3898.253053763441,9.266607240759202,19
3904.0749569892473,9.266607240759202,19
3909.8968602150535,9.266607240759202,19
3915.7187634408606,9.266607240759202,19
3921.5406666666668,9.266607240759202,20
3933.1274623655913,9.257578759934146,20
3944.714258064516,9.231001582226213,20
3956.301053763441,9.187634533885863,20
3967.887849462366,9.128232326444472,20
3979.4746451612905,9.05354635666288,20
3991.061440860215,8.964325487530477,20
4002.6482365591396,8.861316800883651,20
4014.2350322580646,8.745266313550067,20
4025.821827956989,8.616919650160165,20
4037.408623655914,8.47702266691448,20
4048.9954193548388,8.326322021668068,20
4060.5822150537633,8.165565686702184,20
4072.169010752688,7.995503401507465,20
4083.755806451613,7.8168870638082835,20
4095.342602150538,7.630471057920052,20
4106.9293978494625,7.437012520352037,20
4118.516193548387,7.237271543349161,20
4130.102989247312,7.0320113178064325,20
4141.689784946237,6.821998217686987,20
4153.276580645162,6.6080018287261755,20
4164.863376344086,6.390794924805258,20
4176.450172043011,6.171153395924181,20
4188.036967741935,5.949856132188338,20
4199.623763440861,5.727684868642997,20
4211.210559139785,5.505423996136031,20
4222.79735483871,5.2838603436585405,20
4234.384150537634,5.063782937799245,20
4245.970946236559,4.845982745047042,20
4257.557741935484,4.631252402683214,20
4269.144537634409,4.420385943917066,20
4280.731333333333,4.214178522734044,21
4285.5934462365585,4.128377853267724,21
4290.455559139785,4.04188818165077,21
4295.317672043011,3.9547699684267235,21
4300.179784946236,3.8670837402268763,21
4305.041897849463,3.778890088159095,21
4309.904010752689,3.6902496659979307,21
4314.766123655914,3.6012231881882584,21
4319.62823655914,3.511871427675103,21
4324.490349462366,3.422255213572621,21
4329.352462365591,3.3324354286855264,21
4334.2145752688175,3.2424730068965473,21
4339.076688172043,3.152428930433678,21
4343.938801075268,3.0623642270312144,21
4348.8009139784945,2.9723399669987107,21
4353.66302688172,2.8824172602120672,21
4358.525139784946,2.7926572530410643,21
4363.387252688172,2.703121125227642,21
4368.249365591398,2.613870086729229,21
4373.111478494624,2.5249653745413356,21
4377.973591397849,2.436468249513539,21
4382.835704301076,2.3484399931728106,21
4387.697817204301,2.2609419045679635,21
4392.559930107527,2.1740352971487296,21
4397.4220430107525,2.087781495692716,21
4402.284155913978,2.002241833293148,21
4407.146268817204,1.9174776484199247,21
4412.0083817204295,1.8335502820661216,21
4416.870494623656,1.7505210749915927,21
4421.732607526882,1.6684513650748258,21
4426.594720430107,1.587402484783671,21
4431.456833333334,1.507435758774968,22
4432.370145161291,1.4918654138357048,22
4433.2834569892475,1.4750463994528902,22
4434.196768817204,1.4570811454381134,22
4435.110080645161,1.4380720857179354,22
4436.023392473118,1.4181216593317123,22
4436.936704301075,1.3973323112748024,22
4437.850016129032,1.3758064931891507,22
4438.763327956989,1.353646663904907,22
4439.676639784946,1.3309552898382617,22
4440.589951612904,1.3078348452519681,22
4441.503263440861,1.2843878123861898,22
4442.416575268818,1.2607166814682385,22
4443.329887096775,1.2369239506105596,22
4444.243198924732,1.2131121256068895,22
4445.1565107526885,1.1893837196369381,22
4446.0698225806445,1.1658412528901476,22
4446.9831344086015,1.142587252119134,22
4447.896446236559,1.1197242501332636,22
4448.809758064516,1.0973547852424872,22
4449.723069892473,1.0755814006610478,22
4450.63638172043,1.0545066438799675,22
4451.549693548387,1.0342330660163472,22
4452.463005376344,1.0148632211464463,22
4453.376317204301,0.9964996656282435,22
4454.289629032258,0.9792449574177677,22
4455.202940860215,0.963201655381845,22
4456.116252688172,0.9484723186081209,22
4457.029564516129,0.9351595057112153,22
4457.942876344086,0.9233657741317058,22
4458.856188172043,0.913193679422266,22
4459.7695,0.9045950337326875,23
4463.968602150538,0.8692712265469897,23
4468.167704301075,0.8329332135591054,23
4472.366806451613,0.7957282193950652,23
4476.565908602151,0.7578034827793049,23
4480.765010752689,0.71930625609245,23
4484.964112903225,0.6803838046823718,23
4489.163215053763,0.641183405959456,23
4493.362317204301,0.6018523483091671,23
4497.561419354839,0.5625379298565709,23
4501.760521505376,0.5233874571185242,23
4505.959623655914,0.4845482435797334,23
4510.158725806452,0.4461676082288328,23
4514.357827956989,0.40839287409003605,23
4518.5569301075275,0.37137136678476784,23
4522.756032258065,0.3352504131559856,23
4526.955134408602,0.30017733998566515,23
4531.1542365591395,0.2662994728331297,23
4535.353338709678,0.23376413501857168,23
4539.552440860215,0.20271864677222584,23
4543.751543010752,0.17331032456523243,23
4547.950645161291,0.1456864806332487,23
4552.149747311828,0.11999442269834691,23
4556.348849462366,0.09638145388868084,23
4560.5479516129035,0.07499487284878195,23
4564.747053763441,0.05598197402620534,23
4568.946155913978,0.03949004811254497,23
4573.1452580645155,0.025666382608596324,23
4577.344360215054,0.014658262474665316,23
4581.543462365591,0.006612970817693999,23
4585.742564516129,0.0016777895569977416,23
4589.941666666667,0.0,24
4609.822736559139,0.0,24
4629.703806451613,0.0,24
4649.584876344086,0.0,24
4669.465946236559,0.0,24
4689.347016129032,0.0,24
4709.228086021505,0.0,24
4729.109155913979,0.0,24
4748.990225806452,0.0,24
4768.871295698925,0.0,24
4788.752365591398,0.0,24
4808.633435483871,0.0,24
4828.514505376344,0.0,24
4848.395575268817,0.0,24
4868.276645161291,0.0,24
4888.157715053763,0.0,24
4908.038784946237,0.0,24
4927.919854838709,0.0,24
4947.800924731183,0.0,24
4967.6819946236565,0.0,24
4987.563064516129,0.0,24
5007.444134408602,0.0,24
5027.325204301075,0.0,24
5047.206274193548,0.0,24
5067.087344086021,0.0,24
5086.968413978495,0.0,24
5106.849483870968,0.0,24
5126.730553763441,0.0,24
5146.611623655914,0.0,24
5166.492693548387,0.0,24
5186.373763440861,0.0,24
5206.254833333333,0.0,25
5209.934236559139,0.0,25
5213.613639784947,0.0,25
5217.293043010753,0.0,25
5220.972446236558,0.0,25
5224.651849462366,0.0,25
5228.331252688172,0.0,25
5232.010655913979,0.0,25
5235.690059139785,0.0,25
5239.369462365591,0.0,25
5243.048865591398,0.0,25
5246.7282688172045,0.0,25
5250.40767204301,0.0,25
5254.087075268818,0.0,25
5257.766478494624,0.0,25
5261.4458817204295,0.0,25
5265.125284946237,0.0,25
5268.804688172043,0.0,25
5272.48409139785,0.0,25
5276.163494623656,0.0,25
5279.842897849462,0.0,25
5283.522301075269,0.0,25
5287.201704301076,0.0,25
5290.881107526881,0.0,25
5294.560510752688,0.0,25
5298.239913978495,0.0,25
5301.919317204301,0.0,25
5305.598720430108,0.0,25
5309.278123655914,0.0,25
5312.957526881721,0.0,25
5316.636930107527,0.0,25
5320.316333333333,0.0,26
5384.1864946236565,0.0,26
5448.056655913978,0.0,26
5511.926817204301,0.0,26
5575.7969784946235,0.0,26
5639.667139784946,0.0,26
5703.537301075268,0.0,26
5767.4074623655915,0.0,26
5831.277623655914,0.0,26
5895.147784946237,0.0,26
5959.0179462365595,0.0,26
6022.888107526882,0.0,26
6086.758268817203,0.0,26
6150.628430107527,0.0,26
6214.498591397849,0.0,26
6278.368752688172,0.0,26
6342.238913978495,0.0,26
6406.109075268818,0.0,26
6469.97923655914,0.0,26
6533.849397849463,0.0,26
6597.719559139784,0.0,26
6661.589720430107,0.0,26
6725.45988172043,0.0,26
6789.330043010753,0.0,26
6853.200204301075,0.0,26
6917.0703655913985,0.0,26
6980.94052688172,0.0,26
7044.810688172042,0.0,26
7108.680849462365,0.0,26
7172.551010752688,0.0,26
7236.42117204301,0.0,26
7300.291333333334,0.0,27
7301.252951612903,0.0,27
7302.214569892473,0.0,27
7303.176188172044,0.0,27
7304.137806451612,0.0,27
7305.099424731183,0.0,27
7306.061043010753,0.0,27
7307.0226612903225,0.0,27
7307.984279569893,0.0,27
7308.945897849463,0.0,27
7309.907516129032,0.0,27
7310.869134408602,0.0,27
7311.830752688172,0.0,27
7312.7923709677425,0.0,27
7313.753989247312,0.0,27
7314.715607526882,0.0,27
7315.677225806451,0.0,27
7316.638844086021,0.0,27
7317.600462365591,0.0,27
7318.562080645162,0.0,27
7319.523698924731,0.0,27
7320.485317204301,0.0,27
7321.44693548387,0.0,27
7322.40855376344,0.0,27
7323.370172043011,0.0,27
7324.331790322581,0.0,27
7325.2934086021505,0.0,27
7326.255026881721,0.0,27
7327.216645161289,0.0,27
7328.17826344086,0.0,27
7329.13988172043,0.0,27
7330.1015,0.0,28
7338.099908602151,0.005368825344108004,28
7346.098317204302,0.021345207230719317,28
7354.096725806451,0.047733997699806976,28
7362.095134408602,0.0843400261877628,28
7370.093543010753,0.13096807536587718,28
7378.091951612903,0.18742284950296215,28
7386.090360215054,0.25350893657318846,28
7394.088768817203,0.3290307652666386,28
7402.087177419355,0.4137925579983211,28
7410.085586021505,0.5075982809514046,28
7418.0839946236565,0.6102515921321444,28
7426.082403225807,0.7215557883572812,28
7434.0808118279565,0.8413137520394557,28
7442.079220430107,0.9693278985822852,28
7450.077629032258,1.1054001251440044,28
7458.076037634409,1.2493317614768689,28
7466.074446236559,1.4009235234986752,28
7474.072854838709,1.5599754702026083,28
7482.07126344086,1.726286964462127,28
7490.0696720430105,1.8996566382384974,28
7498.068080645161,2.079882362649907,28
7506.066489247312,2.2667612233126366,28
7514.064897849463,2.4600895013165696,28
7522.063306451612,2.659662660149261,28
7530.061715053764,2.865275338834881,28
7538.060123655914,3.0767213515066127,28
7546.058532258065,3.2937936935834897,28
7554.056940860216,3.5162845546753654,28
7562.0553494623655,3.743985338292659,28
7570.053758064516,3.9766866883908993,28
7578.052166666666,4.214178522734044,29
7589.68511827957,4.5562558905823005,29
7601.318069892473,4.884984624447643,29
7612.951021505377,5.2005040538262834,29
7624.58397311828,5.502956452088535,29
7636.216924731182,5.792486509568921,29
7647.849876344086,6.069240847283212,29
7659.482827956989,6.333367569815779,29
7671.115779569893,6.585015855826831,29
7682.748731182796,6.824335584562365,29
7694.381682795698,7.051476996706462,29
7706.0146344086015,7.266590387892902,29
7717.647586021505,7.469825833188118,29
7729.280537634409,7.661332940867534,29
7740.913489247312,7.84126063382983,29
7752.546440860216,8.009756957026786,29
7764.179392473117,8.166968909327668,29
7775.812344086021,8.313042298285241,29
7787.445295698924,8.448121616323784,29
7799.078247311828,8.572349936926395,29
7810.711198924731,8.685868829458576,29
7822.344150537635,8.788818291326262,29
7833.977102150537,8.881336696228324,29
7845.61005376344,8.963560757325451,29
7857.243005376344,9.035625504208587,29
7868.875956989247,9.09766427261001,29
7880.508908602151,9.149808705858671,29
7892.141860215054,9.192188767137923,29
7903.774811827956,9.224932761657952,29
7915.4077634408595,9.248167367907328,29
7927.040715053763,9.26201767719728,29
7938.673666666667,9.266607240759202,30
7944.50038172043,9.266607240759202,30
7950.327096774193,9.266607240759202,30
7956.153811827957,9.266607240759202,30
7961.980526881721,9.266607240759202,30
7967.807241935484,9.266607240759202,30
7973.633956989247,9.266607240759202,30
7979.46067204301,9.266607240759202,30
7985.287387096774,9.266607240759202,30
7991.114102150537,9.266607240759202,30
7996.940817204301,9.266607240759202,30
8002.767532258064,9.266607240759202,30
8008.594247311828,9.266607240759202,30
8014.420962365592,9.266607240759202,30
8020.247677419355,9.266607240759202,30
8026.074392473118,9.266607240759202,30
8031.901107526882,9.266607240759202,30
8037.727822580646,9.266607240759202,30
8043.554537634409,9.266607240759202,30
8049.381252688172,9.266607240759202,30
8055.207967741935,9.266607240759202,30
8061.034682795698,9.266607240759202,30
8066.861397849463,9.266607240759202,30
8072.688112903226,9.266607240759202,30
8078.514827956989,9.266607240759202,30
8084.3415430107525,9.266607240759202,30
8090.168258064516,9.266607240759202,30
8095.994973118279,9.266607240759202,30
8101.821688172044,9.266607240759202,30
8107.648403225807,9.266607240759202,30
8113.47511827957,9.266607240759202,30
8119.301833333333,9.266607240759202,31
8127.04461827957,9.266607240759202,31
8134.787403225807,9.266607240759202,31
8142.530188172043,9.266607240759202,31
8150.272973118279,9.266607240759202,31
8158.0157580645155,9.266607240759202,31
8165.758543010753,9.266607240759202,31
8173.501327956989,9.266607240759202,31
8181.244112903226,9.266607240759202,31
8188.986897849463,9.266607240759202,31
8196.729682795698,9.266607240759202,31
8204.472467741934,9.266607240759202,31
8212.215252688173,9.266607240759202,31
8219.95803763441,9.266607240759202,31
8227.700822580646,9.266607240759202,31
8235.443607526882,9.266607240759202,31
8243.186392473117,9.266607240759202,31
8250.929177419355,9.266607240759202,31
8258.671962365592,9.266607240759202,31
8266.414747311828,9.266607240759202,31
8274.157532258065,9.266607240759202,31
8281.900317204301,9.266607240759202,31
8289.643102150538,9.266607240759202,31
8297.385887096774,9.266607240759202,31
8305.12867204301,9.266607240759202,31
8312.871456989247,9.266607240759202,31
8320.614241935484,9.266607240759202,31
8328.35702688172,9.266607240759202,31
8336.099811827957,9.266607240759202,31
8343.842596774193,9.266607240759202,31
8351.58538172043,9.266607240759202,31
8359.328166666666,9.266607240759202,32
8365.152897849463,9.266607240759202,32
8370.977629032259,9.266607240759202,32
8376.802360215053,9.266607240759202,32
8382.62709139785,9.266607240759202,32
8388.451822580646,9.266607240759202,32
8394.27655376344,9.266607240759202,32
8400.101284946237,9.266607240759202,32
8405.926016129031,9.266607240759202,32
8411.750747311828,9.266607240759202,32
8417.575478494624,9.266607240759202,32
8423.40020967742,9.266607240759202,32
8429.224940860215,9.266607240759202,32
8435.049672043011,9.266607240759202,32
8440.874403225807,9.266607240759202,32
8446.699134408602,9.266607240759202,32
8452.523865591398,9.266607240759202,32
8458.348596774193,9.266607240759202,32
8464.173327956989,9.266607240759202,32
8469.998059139785,9.266607240759202,32
8475.822790322582,9.266607240759202,32
8481.647521505376,9.266607240759202,32
8487.472252688172,9.266607240759202,32
8493.296983870969,9.266607240759202,32
8499.121715053763,9.266607240759202,32
8504.94644623656,9.266607240759202,32
8510.771177419354,9.266607240759202,32
8516.59590860215,9.266607240759202,32
8522.420639784947,9.266607240759202,32
8528.245370967743,9.266607240759202,32
8534.070102150537,9.266607240759202,32
8539.894833333334,9.266607240759202,33
8551.462639784946,9.25454625375247,33
8563.03044623656,9.219355362911314,33
8574.598252688173,9.162516776127314,33
8586.166059139785,9.085506454152533,33
8597.733865591397,8.989796051752913,33
8609.301672043011,8.876854736677215,33
8620.869478494624,8.748150860233443,33
8632.437284946236,8.605153459451985,33
8644.005091397848,8.44933357645156,33
8655.572897849463,8.282165385778926,33
8667.140704301075,8.105127125215223,33
8678.708510752687,7.919701829861253,33
8690.276317204301,7.7273778732446345,33
8701.844123655914,7.529649322732828,33
8713.411930107526,7.328016119674458,33
8724.97973655914,7.123984097404414,33
8736.547543010753,6.919064852506229,33
8748.115349462365,6.714775486494137,33
8759.68315591398,6.512638236320983,33
8771.250962365591,6.314180012801438,33
8782.818768817204,6.120931866129485,33
8794.386575268818,5.934428397136397,33
8805.95438172043,5.756207131756517,33
8817.522188172043,5.58780787432608,33
8829.089994623657,5.430772052824412,33
8840.65780107527,5.286642065972806,33
8852.225607526882,5.156960638236651,33
8863.793413978494,5.043270184238654,33
8875.361220430108,4.947112178898334,33
8886.92902688172,4.8700265237826175,33
8898.496833333333,4.813550893706532,34
8909.197747311828,4.7721609850711975,34
8919.898661290323,4.732455529791367,34
8930.599575268818,4.694412647045889,34
8941.300489247313,4.658010412804173,34
8952.001403225808,4.623226862017655,34
8962.702317204301,4.590039990709665,34
8973.403231182796,4.55842775796791,34
8984.10414516129,4.528368087843688,34
8994.805059139784,4.499838871161885,34
9005.50597311828,4.472817967245615,34
9016.206887096774,4.447283205559356,34
9026.90780107527,4.423212387274247,34
9037.608715053762,4.400583286759169,34
9048.309629032257,4.379373653001075,34
9059.010543010752,4.359561210957962,34
9069.711456989247,4.341123662847748,34
9080.412370967742,4.324038689376244,34
9091.113284946237,4.30828395090725,34
9101.81419892473,4.2938370885777655,34
9112.515112903226,4.280675725361146,34
9123.21602688172,4.2687774670809615,34
9133.916940860216,4.258119903378212,34
9144.61785483871,4.2486806086344195,34
9155.318768817204,4.240437142853076,34
9166.019682795699,4.233367052501755,34
9176.720596774194,4.227447871317162,34
9187.421510752687,4.222657121075253,34
9198.122424731182,4.2189723123284875,34
9208.823338709677,4.216370945112147,34
9219.524252688172,4.2148305096216285,34
9230.225166666667,4.214178522734044,35
9232.588021505377,4.214178522734044,35
9234.950876344086,4.214178522734044,35
9237.313731182796,4.214178522734044,35
9239.676586021505,4.214178522734044,35
9242.039440860215,4.214178522734044,35
9244.402295698925,4.214178522734044,35
9246.765150537634,4.214178522734044,35
9249.128005376344,4.214178522734044,35
9251.490860215054,4.214178522734044,35
9253.853715053763,4.214178522734044,35
9256.216569892473,4.214178522734044,35
9258.579424731182,4.214178522734044,35
9260.942279569892,4.214178522734044,35
9263.305134408602,4.214178522734044,35
9265.667989247313,4.214178522734044,35
9268.03084408602,4.214178522734044,35
9270.393698924732,4.214178522734044,35
9272.75655376344,4.214178522734044,35
9275.119408602151,4.214178522734044,35
9277.48226344086,4.214178522734044,35
9279.84511827957,4.214178522734044,35
9282.207973118278,4.214178522734044,35
9284.57082795699,4.214178522734044,35
9286.933682795698,4.214178522734044,35
9289.29653763441,4.214178522734044,35
9291.659392473117,4.214178522734044,35
9294.022247311828,4.214178522734044,35
9296.385102150538,4.214178522734044,35
9298.747956989248,4.214178522734044,35
9301.110811827957,4.214178522734044,35
9303.473666666667,4.214178522734044,36
9308.496413978495,4.214178522734044,36
9313.519161290324,4.214178522734044,36
9318.54190860215,4.214178522734044,36
9323.564655913979,4.214178522734044,36
9328.587403225807,4.214178522734044,36
9333.610150537635,4.214178522734044,36
9338.632897849462,4.214178522734044,36
9343.65564516129,4.214178522734044,36
9348.678392473117,4.214178522734044,36
9353.701139784946,4.214178522734044,36
9358.723887096774,4.214178522734044,36
9363.746634408602,4.214178522734044,36
9368.769381720429,4.214178522734044,36
9373.792129032257,4.214178522734044,36
9378.814876344086,4.214178522734044,36
9383.837623655914,4.214178522734044,36
9388.860370967743,4.214178522734044,36
9393.88311827957,4.214178522734044,36
9398.905865591398,4.214178522734044,36
9403.928612903226,4.214178522734044,36
9408.951360215055,4.214178522734044,36
9413.974107526883,4.214178522734044,36
9418.99685483871,4.214178522734044,36
9424.019602150536,4.214178522734044,36
9429.042349462365,4.214178522734044,36
9434.065096774193,4.214178522734044,36
9439.087844086022,4.214178522734044,36
9444.11059139785,4.214178522734044,36
9449.133338709677,4.214178522734044,36
9454.156086021505,4.214178522734044,36
9459.178833333333,4.214178522734044,37
9462.396134408602,4.214178522734044,37
9465.61343548387,4.214178522734044,37
9468.83073655914,4.214178522734044,37
9472.04803763441,4.214178522734044,37
9475.265338709678,4.214178522734044,37
9478.482639784947,4.214178522734044,37
9481.699940860215,4.214178522734044,37
9484.917241935484,4.214178522734044,37
9488.134543010752,4.214178522734044,37
9491.35184408602,4.214178522734044,37
9494.56914516129,4.214178522734044,37
9497.78644623656,4.214178522734044,37
9501.003747311828,4.214178522734044,37
9504.221048387097,4.214178522734044,37
9507.438349462365,4.214178522734044,37
9510.655650537636,4.214178522734044,37
9513.872951612904,4.214178522734044,37
9517.090252688173,4.214178522734044,37
9520.307553763441,4.214178522734044,37
9523.52485483871,4.214178522734044,37
9526.742155913978,4.214178522734044,37
9529.959456989247,4.214178522734044,37
9533.176758064516,4.214178522734044,37
9536.394059139784,4.214178522734044,37
9539.611360215054,4.214178522734044,37
9542.828661290323,4.214178522734044,37
9546.045962365592,4.214178522734044,37
9549.26326344086,4.214178522734044,37
9552.48056451613,4.214178522734044,37
9555.697865591399,4.214178522734044,37
9558.915166666668,4.214178522734044,38
9562.78220967742,4.216053334457863,38
9566.649252688172,4.221594194902559,38
9570.516295698924,4.230675669261848,38
9574.383338709677,4.2431722344891165,38
9578.25038172043,4.258958289628323,38
9582.117424731183,4.277908165546136,38
9585.984467741935,4.299896134146113,38
9589.851510752687,4.324796417137001,38
9593.718553763441,4.35248319441892,38
9597.585596774194,4.382830612143072,38
9601.452639784946,4.415712790492841,38
9605.319682795698,4.451003831226787,38
9609.18672580645,4.488577825016798,38
9613.053768817204,4.528308858608001,38
9616.920811827957,4.570071021820477,38
9620.78785483871,4.613738414406788,38
9624.654897849463,4.6591851527734836,38
9628.521940860215,4.706285376569363,38
9632.388983870967,4.754913255138161,38
9636.256026881721,4.804942993828603,38
9640.123069892474,4.856248840150347,38
9643.990112903226,4.908705089760329,38
9647.857155913978,4.9621860922603,38
9651.724198924732,5.0165662567830225,38
9655.591241935485,5.0717200573416,38
9659.458284946237,5.127522037913735,38
9663.325327956989,5.183846817230474,38
9667.192370967741,5.240569093236995,38
9671.059413978495,5.29756364719142,38
9674.926456989248,5.354705347366367,38
9678.7935,5.4118691523170295,39
9686.558994623656,5.53116492765012,39
9694.324489247312,5.659010726876564,39
9702.089983870968,5.79454643077534,39
9709.855478494623,5.9369123698574215,39
9717.620973118279,6.085249571421988,39
9725.386467741935,6.238700006881323,39
9733.151962365591,6.396406837115105,39
9740.917456989248,6.557514652892856,39
9748.682951612904,6.721169706798806,39
9756.44844623656,6.886520132606215,39
9764.213940860216,7.05271614767742,39
9771.97943548387,7.218910233709939,39
9779.744930107527,7.3842572910053015,39
9787.510424731183,7.547914761402858,39
9795.275919354839,7.70904271509171,39
9803.041413978495,7.866803896685857,39
9810.806908602151,8.020363726215615,39
9818.572403225808,8.16889025104765,39
9826.337897849462,8.311554045191034,39
9834.103392473118,8.44752805297312,39
9841.868887096774,8.575987374671705,39
9849.63438172043,8.69610899236558,39
9857.399876344087,8.807071435010695,39
9865.165370967741,8.908054382562463,39
9872.930865591397,8.998238209845425,39
9880.696360215054,9.076803471821172,39
9888.46185483871,9.142930332927111,39
9896.227349462366,9.195797944257508,39
9903.99284408602,9.234583773541683,39
9911.758338709677,9.258462894152085,39
9919.523833333333,9.266607240759202,40
9925.340704301076,9.266607240759202,40
9931.157575268817,9.266607240759202,40
9936.97444623656,9.266607240759202,40
9942.7913172043,9.266607240759202,40
9948.608188172044,9.266607240759202,40
9954.425059139785,9.266607240759202,40
9960.241930107526,9.266607240759202,40
9966.058801075269,9.266607240759202,40
9971.87567204301,9.266607240759202,40
9977.692543010753,9.266607240759202,40
9983.509413978494,9.266607240759202,40
9989.326284946237,9.266607240759202,40
9995.143155913978,9.266607240759202,40
10000.960026881721,9.266607240759202,40
10006.776897849462,9.266607240759202,40
10012.593768817203,9.266607240759202,40
10018.410639784946,9.266607240759202,40
10024.227510752688,9.266607240759202,40
10030.04438172043,9.266607240759202,40
10035.861252688172,9.266607240759202,40
10041.678123655915,9.266607240759202,40
10047.494994623656,9.266607240759202,40
10053.311865591399,9.266607240759202,40
10059.12873655914,9.266607240759202,40
10064.945607526883,9.266607240759202,40
10070.762478494624,9.266607240759202,40
10076.579349462365,9.266607240759202,40
10082.396220430108,9.266607240759202,40
10088.213091397849,9.266607240759202,40
10094.029962365592,9.266607240759202,40
10099.846833333333,9.266607240759202,41
10107.597940860216,9.266607240759202,41
10115.349048387097,9.266607240759202,41
10123.100155913979,9.266607240759202,41
10130.85126344086,9.266607240759202,41
10138.602370967743,9.266607240759202,41
10146.353478494622,9.266607240759202,41
10154.104586021505,9.266607240759202,41
10161.855693548388,9.266607240759202,41
10169.606801075268,9.266607240759202,41
10177.357908602151,9.266607240759202,41
10185.109016129032,9.266607240759202,41
10192.860123655913,9.266607240759202,41
10200.611231182796,9.266607240759202,41
10208.362338709678,9.266607240759202,41
10216.113446236559,9.266607240759202,41
10223.86455376344,9.266607240759202,41
10231.615661290323,9.266607240759202,41
10239.366768817205,9.266607240759202,41
10247.117876344086,9.266607240759202,41
10254.868983870969,9.266607240759202,41
10262.62009139785,9.266607240759202,41
10270.371198924731,9.266607240759202,41
10278.122306451613,9.266607240759202,41
10285.873413978496,9.266607240759202,41
10293.624521505375,9.266607240759202,41
10301.375629032258,9.266607240759202,41
10309.12673655914,9.266607240759202,41
10316.87784408602,9.266607240759202,41
10324.628951612904,9.266607240759202,41
10332.380059139785,9.266607240759202,41
10340.131166666666,9.266607240759202,42
10345.933510752688,9.266607240759202,42
10351.735854838711,9.266607240759202,42
10357.53819892473,9.266607240759202,42
10363.340543010752,9.266607240759202,42
10369.142887096774,9.266607240759202,42
10374.945231182795,9.266607240759202,42
10380.747575268817,9.266607240759202,42
10386.549919354838,9.266607240759202,42
10392.35226344086,9.266607240759202,42
10398.154607526882,9.266607240759202,42
10403.956951612903,9.266607240759202,42
10409.759295698925,9.266607240759202,42
10415.561639784946,9.266607240759202,42
10421.363983870968,9.266607240759202,42
10427.16632795699,9.266607240759202,42
10432.96867204301,9.266607240759202,42
10438.771016129032,9.266607240759202,42
10444.573360215054,9.266607240759202,42
10450.375704301076,9.266607240759202,42
10456.178048387097,9.266607240759202,42
10461.980392473119,9.266607240759202,42
10467.78273655914,9.266607240759202,42
10473.585080645162,9.266607240759202,42
10479.387424731183,9.266607240759202,42
10485.189768817203,9.266607240759202,42
10490.992112903226,9.266607240759202,42
10496.794456989248,9.266607240759202,42
10502.596801075268,9.266607240759202,42
10508.39914516129,9.266607240759202,42
10514.201489247313,9.266607240759202,42
10520.003833333334,9.266607240759202,43
10531.609032258064,9.261136962648855,43
10543.214231182796,9.244843164502623,43
10554.819430107527,9.217899955536737,43
10566.424629032257,9.180479618003167,43
10578.029827956989,9.132752737670712,43
10589.63502688172,9.074888340297976,43
10601.24022580645,9.007054033093784,43
10612.845424731182,8.929416150220845,43
10624.450623655914,8.842139901453212,43
10636.055822580645,8.74538952314778,43
10647.661021505377,8.639328430735176,43
10659.266220430107,8.52411937197616,43
10670.871419354839,8.399924580266681,43
10682.47661827957,8.26690592730829,43
10694.081817204302,8.125225074491095,43
10705.687016129032,7.9750436223643915,43
10717.292215053763,7.816523257595705,43
10728.897413978495,7.649825896842828,43
10740.502612903227,7.4751138269857025,43
10752.107811827957,7.292549841186228,43
10763.713010752688,7.102297370264403,43
10775.31820967742,6.904520608899242,43
10786.923408602152,6.699384636182683,43
10798.528607526881,6.487055530074621,43
10810.133806451613,6.267700475327708,43
10821.739005376345,6.041487864471538,43
10833.344204301075,5.808587391467958,43
10844.949403225806,5.569170137672266,43
10856.554602150538,5.323408649759599,43
10868.159801075268,5.07147700930167,43
10879.765,4.813550893706532,44
10889.32543548387,4.5975976028921535,44
10898.885870967742,4.379915314479601,44
10908.446306451613,4.1610965329224365,44
10918.006741935484,3.9417353218961932,44
10927.567177419354,3.7224271476151594,44
10937.127612903227,3.5037687102156743,44
10946.688048387097,3.286357766488977,44
10956.248483870968,3.07079294727737,44
10965.808919354839,2.8576735728365095,44
10975.369354838711,2.6475994694130245,44
10984.929790322582,2.441170790190012,44
10994.49022580645,2.2389878436132067,44
11004.050661290323,2.0416509319279417,44
11013.611096774193,1.8497602025320892,44
11023.171532258064,1.6639155144837028,44
11032.731967741935,1.4847163221952178,44
11042.292403225807,1.3127615779999857,44
11051.852838709678,1.1486496548929332,44
11061.413274193548,0.992978290326584,44
11070.973709677419,0.8463445514878621,44
11080.53414516129,0.709344821991187,44
11090.094580645162,0.5825748094004225,44
11099.655016129032,0.4666295724369567,44
11109.215451612903,0.36210356614417843,44
11118.775887096774,0.26959070266000945,44
11128.336322580646,0.18968442459886894,44
11137.896758064517,0.12297778736206752,44
11147.457193548387,0.07006354598041656,44
11157.017629032258,0.03153424134392976,44
11166.57806451613,0.00798227988976097,44
11176.1385,0.0,45
11177.895225806451,0.0,45
11179.651951612903,0.0,45
11181.408677419355,0.0,45
11183.165403225807,0.0,45
11184.922129032258,0.0,45
11186.678854838709,0.0,45
11188.435580645162,0.0,45
11190.192306451614,0.0,45
11191.949032258064,0.0,45
11193.705758064516,0.0,45
11195.462483870968,0.0,45
11197.21920967742,0.0,45
11198.97593548387,0.0,45
11200.732661290323,0.0,45
11202.489387096775,0.0,45
11204.246112903225,0.0,45
11206.002838709677,0.0,45
11207.75956451613,0.0,45
11209.51629032258,0.0,45
11211.273016129031,0.0,45
11213.029741935485,0.0,45
11214.786467741937,0.0,45
11216.543193548387,0.0,45
11218.299919354838,0.0,45
11220.05664516129,0.0,45
11221.81337096774,0.0,45
11223.570096774192,0.0,45
11225.326822580646,0.0,45
11227.083548387098,0.0,45
11228.840274193548,0.0,45
11230.597,0.0,46
11251.595747311829,0.0,46
11272.594494623656,0.0,46
11293.593241935485,0.0,46
11314.591989247312,0.0,46
11335.590736559141,0.0,46
11356.589483870968,0.0,46
11377.588231182795,0.0,46
11398.586978494624,0.0,46
11419.585725806452,0.0,46
11440.58447311828,0.0,46
11461.583220430108,0.0,46
11482.581967741937,0.0,46
11503.580715053764,0.0,46
11524.579462365593,0.0,46
11545.57820967742,0.0,46
11566.576956989245,0.0,46
11587.575704301074,0.0,46
11608.574451612902,0.0,46
11629.57319892473,0.0,46
11650.571946236558,0.0,46
11671.570693548387,0.0,46
11692.569440860214,0.0,46
11713.568188172043,0.0,46
11734.56693548387,0.0,46
11755.5656827957,0.0,46
11776.564430107526,0.0,46
11797.563177419355,0.0,46
11818.561924731182,0.0,46
11839.560672043011,0.0,46
11860.559419354839,0.0,46
11881.558166666666,0.0,47
11885.232102150538,0.0,47
11888.906037634408,0.0,47
11892.57997311828,0.0,47
11896.253908602152,0.0,47
11899.927844086022,0.0,47
11903.601779569892,0.0,47
11907.275715053764,0.0,47
11910.949650537636,0.0,47
11914.623586021506,0.0,47
11918.297521505376,0.0,47
11921.971456989246,0.0,47
11925.64539247312,0.0,47
11929.31932795699,0.0,47
11932.99326344086,0.0,47
11936.66719892473,0.0,47
11940.341134408603,0.0,47
11944.015069892474,0.0,47
11947.689005376344,0.0,47
11951.362940860214,0.0,47
11955.036876344087,0.0,47
11958.710811827958,0.0,47
11962.384747311828,0.0,47
11966.058682795698,0.0,47
11969.73261827957,0.0,47
11973.406553763441,0.0,47
11977.080489247312,0.0,47
11980.754424731183,0.0,47
11984.428360215054,0.0,47
11988.102295698925,0.0,47
11991.776231182796,0.0,47
11995.450166666667,0.0,48
11997.066688172043,0.0,48
11998.68320967742,0.0,48
12000.299731182797,0.0,48
12001.916252688172,0.0,48
12003.532774193547,0.0,48
12005.149295698926,0.0,48
12006.765817204301,0.0,48
12008.382338709678,0.0,48
12009.998860215053,0.0,48
12011.61538172043,0.0,48
12013.231903225807,0.0,48
12014.848424731183,0.0,48
12016.464946236558,0.0,48
12018.081467741937,0.0,48
12019.697989247312,0.0,48
12021.314510752687,0.0,48
12022.931032258064,0.0,48
12024.547553763441,0.0,48
12026.164075268818,0.0,48
12027.780596774193,0.0,48
12029.397118279569,0.0,48
12031.013639784947,0.0,48
12032.630161290323,0.0,48
12034.246682795698,0.0,48
12035.863204301075,0.0,48
12037.479725806452,0.0,48
12039.096247311829,0.0,48
12040.712768817204,0.0,48
12042.32929032258,0.0,48
12043.945811827958,0.0,48
12045.562333333333,0.0,49
12045.760317204302,0.0,49
12045.95830107527,0.0,49
12046.156284946235,0.0,49
12046.354268817204,0.0,49
12046.552252688172,0.0,49
12046.75023655914,0.0,49
12046.948220430108,0.0,49
12047.146204301074,0.0,49
12047.344188172043,0.0,49
12047.542172043011,0.0,49
12047.740155913978,0.0,49
12047.938139784947,0.0,49
12048.136123655913,0.0,49
12048.334107526882,0.0,49
12048.532091397848,0.0,49
12048.730075268817,0.0,49
12048.928059139786,0.0,49
12049.126043010754,0.0,49
12049.324026881719,0.0,49
12049.522010752687,0.0,49
12049.719994623656,0.0,49
12049.917978494625,0.0,49
12050.115962365593,0.0,49
12050.313946236558,0.0,49
12050.511930107526,0.0,49
12050.709913978495,0.0,49
12050.907897849464,0.0,49
12051.10588172043,0.0,49
12051.303865591397,0.0,49
12051.501849462365,0.0,49
12051.699833333334,0.0,50
12088.752532258064,0.0,50
12125.805231182796,0.0,50
12162.857930107526,0.0,50
12199.91062903226,0.0,50
12236.96332795699,0.0,50
12274.01602688172,0.0,50
12311.068725806452,0.0,50
12348.121424731182,0.0,50
12385.174123655912,0.0,50
12422.226822580646,0.0,50
12459.279521505376,0.0,50
12496.332220430108,0.0,50
12533.38491935484,0.0,50
12570.43761827957,0.0,50
12607.490317204301,0.0,50
12644.543016129031,0.0,50
12681.595715053765,0.0,50
12718.648413978495,0.0,50
12755.701112903225,0.0,50
12792.753811827957,0.0,50
12829.806510752687,0.0,50
12866.859209677421,0.0,50
12903.911908602151,0.0,50
12940.964607526881,0.0,50
12978.017306451613,0.0,50
13015.070005376343,0.0,50
13052.122704301075,0.0,50
13089.175403225807,0.0,50
13126.228102150537,0.0,50
13163.28080107527,0.0,50
13200.3335,0.0,50
