vertical_load_n,current_mu,proposed_front_mu,proposed_rear_mu,current_peak_n,proposed_front_peak_n,proposed_rear_peak_n
100.0,1.7277621042839844,1.7481110435068186,1.7481110435068186,172.77621042839843,174.81110435068186,174.81110435068186
125.0,1.7277621042839844,1.739583672562883,1.739583672562883,215.97026303549805,217.44795907036038,217.44795907036038
150.0,1.7277621042839844,1.7338987586002592,1.7338987586002592,259.16431564259767,260.0848137900389,260.0848137900389
175.0,1.7277621042839844,1.7298381057698138,1.7298381057698138,302.35836824969726,302.7216685097174,302.7216685097174
200.0,1.723154050622849,1.737451829826899,1.737451829826899,344.63081012456985,347.4903659653798,347.4903659653798
225.0,1.7190996615804848,1.7433736152046322,1.7433736152046322,386.79742385560905,392.25906342104224,392.25906342104224
250.0,1.7154809710542736,1.731056301618947,1.731056301618947,428.8702427635684,432.7640754047368,432.7640754047368
275.0,1.7122140297750723,1.7364828104014518,1.7364828104014518,470.8588581881449,477.53277286039923,477.53277286039923
300.0,1.7092369788907131,1.7338987586002592,1.741004901053539,512.7710936672139,520.1696275800778,522.3014703160617
325.0,1.7065029287654265,1.7251527371192994,1.731712253230019,554.6134518487636,560.6746395637723,562.8064822997562
350.0,1.7039754928291309,1.7298381057698138,1.7298381057698138,596.3914224901959,605.4433370194348,605.4433370194348
375.0,1.7016258710296142,1.7338987586002592,1.7338987586002592,638.1097016361053,650.2120344750972,650.2120344750972
400.0,1.6994308796044593,1.732122222986939,1.732122222986939,679.7723518417837,692.8488891947757,692.8488891947757
425.0,1.6973715812110264,1.725538591008165,1.725538591008165,721.3829220146862,733.3539011784702,733.3539011784702
450.0,1.6954323085341403,1.7291613302980726,1.7291613302980726,762.9445388403632,778.1225986341327,778.1225986341327
475.0,1.6935999531408479,1.7279146386396025,1.732402728610095,804.4599777419028,820.7594533538112,822.8912960897951
500.0,1.6918634375897503,1.731056301618947,1.731056301618947,845.9317187948751,865.5281508094736,865.5281508094736
525.0,1.6902133169198248,1.7217168001089225,1.7257774529393681,887.3619913829081,903.9013200571843,906.0331627931682
550.0,1.6886414732565425,1.7248545772960848,1.7248545772960848,928.7528102910984,948.6700175128467,948.6700175128467
575.0,1.6871408785994244,1.7240119517087393,1.7277195042930593,970.106005194669,991.3068722325252,993.4387149685091
600.0,1.6857054083114467,1.7196864736936996,1.7232395449203395,1011.423244986868,1031.8118842162198,1033.9437269522036
625.0,1.6843296928435403,1.7191179822974372,1.7225289306750118,1052.7060580272127,1074.4487389358983,1076.5805816718823
650.0,1.6830089986621646,1.7185932210085797,1.7218729790639398,1093.955849130407,1117.0855936555768,1119.2174363915608
675.0,1.6817391317422439,1.721265616461095,1.724423901995886,1135.1739139260146,1161.8542911112393,1163.986133847223
700.0,1.6805163586832783,1.7146106576556428,1.7176561472784766,1176.3614510782947,1200.2274603589499,1202.3593030949337
725.0,1.6793373417244721,1.717236079744293,1.720176552483581,1217.5195727502423,1244.9961578146124,1247.1280005505962
750.0,1.6781990848214041,1.7168440167123877,1.7196864736936996,1258.6493136160532,1287.6330125342909,1289.7648552702747
775.0,1.6770988886001659,1.7164772480696378,1.7192280128902622,1299.7516386651284,1330.2698672539693,1332.4017099899531
800.0,1.676034312491834,1.7108037956270998,1.7161334024670598,1340.827449993467,1368.64303650168,1372.9067219736478
825.0,1.675003142716869,1.7106422923895253,1.7158103959919107,1381.877592741417,1411.2798912213584,1415.5435766933263
850.0,1.67400336506792,1.7129983396200246,1.7155063898976526,1422.902860307732,1456.048588677021,1458.1804314130047
875.0,1.673033141653548,1.7079105804854076,1.710346972183675,1463.9039989468545,1494.4217579247315,1496.5536006607156
900.0,1.6720907909310443,1.7078429029382334,1.7125803312404198,1504.88171183794,1537.05861264441,1541.3222981163779
925.0,1.6711747704857534,1.7077788836368524,1.7123882733362772,1545.8366626993218,1579.6954673640885,1583.9591528360563
950.0,1.6702836621159247,1.7077182337723864,1.712206323742879,1586.7694790101284,1622.3323220837672,1626.596007555735
975.0,1.6694161588625276,1.7032876834169004,1.7076606941573802,1627.6807548909644,1660.7054913314778,1664.9691768034456
1000.0,1.668571053687571,1.7033423460511563,1.707606031523124,1668.571053687571,1703.3423460511563,1707.606031523124
1025.0,1.6677472295558515,1.7033943422154485,1.7075540353588319,1709.4409102947477,1745.9792007708347,1750.2428862428026
1050.0,1.66694365071653,1.7034438623719173,1.707504515202363,1750.2908332523566,1788.6160554905132,1792.879740962481
1075.0,1.6661593550145624,1.6995248602216035,1.7034910792652946,1791.1213066406544,1826.9892247382238,1831.2529102101917
1100.0,1.6653934470894503,1.6996600722344566,1.7035361499362458,1831.9327917983953,1869.6260794579023,1873.8897649298704
1125.0,1.6646450923412641,1.6978943035036418,1.7035792174662656,1872.725728883922,1910.131091441597,1916.5266196495488
1150.0,1.6639135115624126,1.6943515310341806,1.6999128599106603,1913.5005382967745,1948.5042606893076,1954.8997888972594
1175.0,1.6631979761489666,1.6945881833267966,1.7000311860569683,1954.2576219750358,1991.141115408986,1997.536643616938
1200.0,1.6624978038180804,1.6948149751072206,1.7001445819471803,1994.9973645816965,2033.7779701286647,2040.1734983366164
1225.0,1.6618123547686856,1.6932922302958033,1.6985130696492334,2035.7201345916399,2074.282982112359,2080.678510320311
1250.0,1.6611410282315537,1.690124921088056,1.6969468178432046,2076.426285289442,2112.65615136007,2121.1835223040057
1275.0,1.6604832593623,1.6904258871213713,1.6954419876766278,2117.1161556869324,2155.2930060797485,2161.6885342877003
1300.0,1.6598385164372471,1.6890753985103408,1.6956349146210605,2157.790071368421,2195.798018063443,2204.325389007379
1325.0,1.6592062983174143,1.689384809647639,1.6958205613034394,2198.448345270574,2238.4348727831216,2246.9622437270573
1350.0,1.658586132150467,1.6865244755783941,1.692841046647976,2239.09127840313,2276.808042030832,2285.3354129747677
1375.0,1.6579775712843343,1.6853185847378376,1.6915203090606998,2279.7191605159596,2317.3130540145266,2325.8404249584623
1400.0,1.6573801933695416,1.6841557614273008,1.6917694854843863,2320.3322707173584,2357.8180659982213,2368.477279678141
1425.0,1.656793598630144,1.6815377089445134,1.6890178588953344,2360.9308780479555,2396.1912352459317,2406.8504489258517
1450.0,1.6562174082856147,1.6804801705031907,1.6878313523514112,2401.515242014141,2436.6962472296264,2447.3554609095463
1475.0,1.6556512631081504,1.680903797931732,1.6866850663682986,2442.085613084522,2479.333101949305,2487.8604728932405
1500.0,1.6550948221016937,1.679892075955333,1.6869982184086127,2482.6422331525405,2519.8381139329995,2530.497327612919
1525.0,1.654547761290561,1.6775155955283347,1.684505243843036,2523.1853359681054,2558.2112831807103,2568.87049686063
1550.0,1.6540097726069487,1.676591158170584,1.6834680702221447,2563.7151475407704,2598.716295164405,2609.3755088443245
1575.0,1.653480562867788,1.6756960680305393,1.6824638227479487,2604.2318865167663,2639.221307148099,2649.880520828019
1600.0,1.6529598528324896,1.6748289494573712,1.682823359717311,2644.7357645319835,2679.726319131794,2692.5173755476976
1625.0,1.6524473763340126,1.6713647050113976,1.679236124344261,2685.2269865427706,2715.967645643521,2728.758702059424
1650.0,1.651942879476534,1.6705894894710394,1.6796336707752137,2725.7057511362814,2756.472657627215,2771.3955567791027
1675.0,1.6514461198936794,1.671110156625011,1.6787466082165954,2766.172250821913,2799.1095123468936,2811.9005687627973
1700.0,1.6509568660619185,1.667853434622718,1.6753775854556023,2806.6266723052613,2835.3508388586206,2848.141895274524
1725.0,1.6504748966642762,1.6671628120825015,1.6745779172511412,2847.0691967458765,2875.8558508423152,2888.6469072582186
1750.0,1.65,1.6664919216148626,1.6750192925587983,2887.5,2916.3608628260095,2931.283761977897
1775.0,1.6495319734362641,1.665839929470256,1.6742471965980799,2927.9192528493686,2956.865874809704,2971.7887739615917
1800.0,1.6490706228983638,1.6628373340674618,1.671127833596288,2968.327121217055,2993.107201321431,3008.0301004733183
1825.0,1.648615762395211,1.6622532675644524,1.6704301986065824,3008.72376637126,3033.6122133051254,3048.535112457013
1850.0,1.6481672135772336,1.6605326392177493,1.6697514186165987,3049.109345117882,3071.985382552836,3089.0401244407076
1875.0,1.647724805324068,1.65999487708615,1.669090739426348,3089.4840099826274,3112.490394536531,3129.5451364244022
1900.0,1.6472883733596606,1.657227221604346,1.6662034015453309,3129.8479093833553,3148.7317210482574,3165.786462936129
1925.0,1.6468577598926268,1.6567463548217933,1.6656059609973108,3170.201187793307,3189.236733031952,3206.2914749198235
1950.0,1.646432813279906,1.655184565271622,1.6650238394377017,3210.5439858958166,3227.609902279663,3246.796486903518
1975.0,1.6460133877119225,1.6525829006538681,1.6622976270456935,3250.876440731047,3263.8512287913895,3283.0378134152447
2000.0,1.6455993429176272,1.652178120387542,1.6617714126994696,3291.1986858352543,3304.356240775084,3323.5428253989394
2025.0,1.645190543887931,1.6507305728507629,1.6612581913000661,3331.5108513730606,3342.7294100227946,3364.047837382634
2050.0,1.6447868606161744,1.650358254637312,1.66075748749577,3371.8130642631577,3383.2344220064892,3404.5528493663287
2075.0,1.6443881678543864,1.647940119767815,1.6582140606641231,3412.1054482978516,3419.475748518216,3440.7941758780553
2100.0,1.643994344884197,1.6465947227456794,1.6567463548217933,3452.3881242568136,3457.8489177659267,3479.167345125766
2125.0,1.6436052753013592,1.6452809821240648,1.6563164033456284,3492.6612100153884,3496.2220870136375,3519.6723571094603
2150.0,1.6432208468129228,1.644989348370852,1.6558964507410023,3532.924820647784,3536.7270989973317,3560.177369093155
2175.0,1.6428409510461752,1.641763946102563,1.6535258370597157,3573.179068525431,3570.8365827730745,3596.4186956048816
2200.0,1.6424654833685468,1.6415189067076223,1.652178120387542,3613.424063410803,3611.341594756769,3634.7918648525924
2225.0,1.6420943427177292,1.6403212422492044,1.6518188210500167,3653.6599125469475,3649.71476400448,3675.296876836287
2250.0,1.6417274314413226,1.6372552212356546,1.6495725348213395,3693.8867207429757,3683.824247780223,3711.5382033480137
2275.0,1.6413646551453764,1.637067806489634,1.6483126912508679,3734.1045904557313,3724.3292597639174,3749.9113725957245
2300.0,1.6410059225512406,1.6359575778311426,1.647080235584102,3774.3136218678533,3762.702429011628,3788.284541843435
2325.0,1.6406511453601826,1.6348712250577802,1.6467912059471526,3814.5139129624245,3801.0755982593387,3828.7895538271296
2350.0,1.6403002381252771,1.631993651929822,1.644693991633556,3854.705559594401,3835.1850820350815,3865.030880338856
2375.0,1.6399531181300953,1.630971895276965,1.643538547194344,3894.888655558976,3873.558251282792,3903.404049586567
2400.0,1.6396097052737753,1.6299714252210429,1.6424071745142825,3935.0632926570606,3911.9314205305027,3941.777218834278
2425.0,1.6392699219620692,1.6289915834136963,1.6412991291059746,3975.2295607580177,3950.3045897782135,3980.1503880819882
2450.0,1.6389336930039984,1.6262914585934516,1.6393435569770267,4015.387547859796,3984.4140735539563,4016.3917145937153
2475.0,1.6386009455137773,1.6253685829501683,1.6382888419561317,4055.537340146599,4022.7872428016667,4054.7648838414257
2500.0,1.6382716088176847,1.624464164819751,1.6372552212356546,4095.6790220442117,4061.1604120493776,4093.1380530891365
2525.0,1.6379456143655855,1.621889067653513,1.6353977740993517,4135.8126762731035,4095.2698958251203,4129.379379600863
2550.0,1.6376228956468295,1.6210364961069925,1.6344127642543425,4175.938383899415,4133.643065072831,4167.7525488485735
2575.0,1.6373033881102679,1.6193725792561389,1.6334468808140912,4216.0562243839395,4169.884391584557,4206.125718096285
2600.0,1.636987029088151,1.6185606003201034,1.6324995720553828,4256.166275629193,4208.257560832269,4244.498887343995
2625.0,1.6366737577236785,1.6161398265173377,1.6299460461408526,4296.268614024656,4242.367044608011,4278.608371119738
2650.0,1.6363635149019986,1.6145691966489577,1.6290496378745087,4336.363314490296,4278.608371119738,4316.981540367448
2675.0,1.6360562431844605,1.613824874903719,1.628169984902863,4376.450450518432,4316.981540367448,4355.354709615159
2700.0,1.6357518867459349,1.6123047655108056,1.627306621801063,4416.530094214024,4353.222866879175,4393.72787886287
2725.0,1.6354503913150351,1.610030220423823,1.6248944450049956,4456.60231633347,4387.332350654918,4427.837362638613
2750.0,1.6351517041170802,1.6085722462424163,1.624076557049572,4496.667186321971,4423.573677166645,4466.210531886323
2775.0,1.6348557738196459,1.6079087734826507,1.6225051741974954,4536.7247723495175,4461.946846414356,4502.45185839805
2800.0,1.6345625504805696,1.6057344036393209,1.6209618517534916,4576.775141345595,4496.056330190098,4538.693184909776
2825.0,1.634271985498275,1.6043531528148054,1.6194458447509748,4616.818359032627,4532.297656701825,4574.934511421504
2850.0,1.633984031564292,1.6029961344608952,1.618704449357619,4656.854489958232,4568.538983213552,4613.307680669214
2875.0,1.6336986426178601,1.6016627164261836,1.6172344372803273,4696.883597526348,4604.780309725278,4649.549007180941
2900.0,1.633415773802504,1.5996171701727657,1.6150546520540288,4736.905744027262,4638.889793501021,4683.658490956684
2925.0,1.6331353814244796,1.5983354256453837,1.6143697983604766,4776.920990666603,4675.1311200127475,4722.031660204394
2950.0,1.6328574229129973,1.5970754056015168,1.6129738938020748,4816.929397593342,4711.372446524475,4758.272986716121
2975.0,1.6325818567821275,1.5958365623651098,1.6123180356180948,4856.93102392683,4747.613773036202,4796.646155963832
3000.0,1.6323086425943085,1.5931971380253203,1.6102518799131915,4896.925927782926,4779.5914140759605,4830.755639739575
3025.0,1.6320377409253735,1.5920108233347725,1.6089246169425788,4936.914166299255,4815.832740587687,4866.996966251301
3050.0,1.631769113331023,1.5908439564260373,1.6076191123813206,4976.8957956596205,4852.074067099414,4903.238292763028
3075.0,1.6315027223146708,1.5883094985818447,1.6056415533459416,5016.870871117612,4884.051708139173,4937.347776538771
3100.0,1.631238531296597,1.58719130150029,1.6043835816291927,5056.839447019451,4920.293034650899,4973.589103050497
3125.0,1.6309765045843443,1.5860909955720404,1.6031457374599116,5096.801576826076,4956.534361162626,5009.830429562224
3150.0,1.6307166073443002,1.5843313793455138,1.602604317082519,5136.757313134546,4990.643844938369,5048.203598809935
3175.0,1.6304588055744043,1.5819280270797251,1.6000570834172265,5176.706707698733,5022.621485978128,5080.181239849694
3200.0,1.630203066077931,1.5808946289030794,1.5988820519879439,5216.649811449379,5058.862812489854,5116.422566361421
3225.0,1.6299493564382979,1.5792162158963092,1.5977252381002007,5256.586674513511,5092.972296265597,5152.663892873147
3250.0,1.6296976449948488,1.5782195762391766,1.596586221349192,5296.517346233259,5129.213622777324,5188.905219384874
3275.0,1.629447900819569,1.5759362637609413,1.5948136498200356,5336.4418751840885,5161.1912638170825,5223.014703160617
3300.0,1.6292000936946893,1.5743335598766137,1.5937139483855585,5376.360309192475,5195.300747592825,5259.256029672343
3325.0,1.628954194091139,1.5727549568025772,1.5926307838147578,5416.272695353037,5229.410231368569,5295.49735618407
3350.0,1.628710173147808,1.5705635440024857,1.5902910439474116,5456.179080045156,5261.387872408327,5327.474997223829
3375.0,1.6284680026515832,1.5696679107911273,1.5892492811068315,5496.079508949093,5297.6291989200545,5363.716323735556
3400.0,1.6282276550181265,1.5681584360869991,1.5875958257386173,5535.97402706163,5331.738682695797,5397.825807511299
3425.0,1.6279891032733562,1.5666709975099387,1.5865889442402994,5575.862678711245,5365.84816647154,5434.067134023026
3450.0,1.6277523210356064,1.5645871905829851,1.5843608043660244,5615.745507572842,5397.825807511299,5466.0447750627845
3475.0,1.6275172824984343,1.5631468464135372,1.5833916839063342,5655.622556682059,5431.935291287042,5502.286101574511
3500.0,1.6272839624140425,1.561727078589367,1.5824364080246394,5695.493868449149,5466.0447750627845,5538.527428086238
3525.0,1.6270523360772982,1.5591178931536338,1.5802851259931905,5735.359484672476,5495.890573366559,5570.505069125997
3550.0,1.6268223793103145,1.5577464949696624,1.5787646627892225,5775.219446551617,5530.000057142302,5604.614552901739
3575.0,1.6265940684475797,1.5563942771798724,1.5778617844513192,5815.073794700097,5564.109540918044,5640.855879413466
3600.0,1.6263673803216019,1.5550608401927186,1.576379267552558,5854.922569157767,5598.219024693787,5674.965363189209
3625.0,1.6261422922490567,1.5525696063441552,1.5743291046148877,5894.76580940283,5628.064822997562,5706.943004228968
3650.0,1.62591878201741,1.5512806319926864,1.5728910926040303,5934.603554363546,5662.174306773305,5741.0524880047105
3675.0,1.6256968278719999,1.5500091947072239,1.5720527386439285,5974.4358424296,5696.283790549048,5777.293814516437
3700.0,1.6254764085035591,1.548178765294272,1.5706495400789675,6014.262711463169,5728.261431588807,5811.40329829218
3725.0,1.625257503036157,1.546372905403642,1.5686928696193125,6054.0841988096845,5760.239072628566,5843.380939331939
3750.0,1.6250400910155494,1.5445911236448866,1.5673307794953817,6093.90034130831,5792.216713668325,5877.490423107682
3775.0,1.624824152397915,1.5428329416445254,1.5659867303002448,6133.711175302129,5824.194354708084,5911.599906883424
3800.0,1.6246096675389645,1.5410978936178534,1.5640993547166273,6173.5167366480655,5856.171995747843,5943.577547923183
3825.0,1.6243966171834108,1.5393855259575429,1.5627939952154055,6213.3170607265465,5888.149636787602,5977.687031698926
3850.0,1.6241849824547805,1.5376953968382754,1.5615055884349789,6253.112182450905,5920.127277827361,6011.796515474669
3875.0,1.623974744845559,1.5365772288008008,1.5602338062581707,6292.902136276542,5954.236761603103,6045.905999250412
3900.0,1.6237658862076516,1.534380143565866,1.5578850762959453,6332.686956209841,5984.082559906878,6075.751797554187
3925.0,1.6235583887431522,1.532754191323984,1.5566525557528483,6372.466675816872,6016.0602009466365,6109.86128132993
3950.0,1.6233522349954055,1.5311488207560495,1.5554356367356132,6412.241328231852,6048.0378419863955,6143.970765105672
3975.0,1.623147407840352,1.5295636435285924,1.5542340248758277,6452.010946165399,6080.0154830261545,6178.080248881415
4000.0,1.6229438904781461,1.5274653203324824,1.5519815117962976,6491.775561912585,6109.86128132993,6207.92604718519
4025.0,1.6227416664250358,1.5259227136322209,1.5508162809840829,6531.535207360769,6141.838922369689,6242.035530960933
4050.0,1.6225407195054948,1.5243991514591229,1.5496654357374509,6571.289913997254,6173.816563409448,6276.145014736676
4075.0,1.622341033844598,1.5218479801171136,1.5474824081080862,6611.039712916737,6201.530518977238,6305.990813040451
4100.0,1.6221425938606315,1.5203678439065846,1.5458459644098073,6650.784634828589,6233.508160016997,6337.96845408021
4125.0,1.6219453842579263,1.5189056487410317,1.5447461667529583,6690.524710063946,6265.485801056756,6372.077937855953
4150.0,1.6217493900199114,1.5174610703847025,1.5431459226254725,6730.259968582633,6297.463442096515,6404.055578895711
4175.0,1.6215545964023752,1.515012550338756,1.5410542220837091,6769.990439979916,6325.177397664306,6433.901377199486
4200.0,1.6213609889269298,1.5131007609447813,1.540002585946483,6809.716153493106,6355.023195968081,6468.010860975229
4225.0,1.6211685533746683,1.5117161744397254,1.5384588170449676,6849.437138007974,6387.000837007839,6499.988502014988
4250.0,1.6209772757800118,1.5103478771876702,1.5369332101305286,6889.15342206505,6418.978478047598,6531.966143054747
4275.0,1.6207871424247369,1.5079982300854713,1.5354254465718142,6928.86503386575,6446.69243361539,6563.943784094506
4300.0,1.6205981398321767,1.5061716818416662,1.5339352151475034,6968.5720012783595,6476.538231919165,6595.921425134265
4325.0,1.6204102547615937,1.504859161377786,1.5324622118321443,7008.274351843893,6508.515872958924,6627.899066174024
4350.0,1.6202234742027117,1.5025815697762561,1.5305160607994939,7047.972112781796,6536.229828526714,6657.744864477799
4375.0,1.6200377853704075,1.5008172861326834,1.5290794298325847,7087.665310995533,6566.075626830489,6689.722505517558
4400.0,1.6198531756995544,1.4990730511668784,1.5276591242175717,7127.353973078039,6595.921425134265,6721.700146557316
4425.0,1.6196696328400104,1.4973485250707435,1.5262548672535763,7167.038125317046,6625.76722343804,6753.677787597075
4450.0,1.6194871446517511,1.4951643098889507,1.5239082568909812,7206.7177937002925,6653.48117900583,6781.391743164866
4475.0,1.6193056992001365,1.4934808887842694,1.522540644515,7246.393003920611,6683.326977309605,6813.369384204625
4500.0,1.6191252847513116,1.491816172358529,1.5211882278320854,7286.063781380902,6713.1727756133805,6845.347025244384
4525.0,1.618945889767736,1.4901698505894267,1.5198507549799212,7325.730151199005,6743.018573917156,6877.324666284143
4550.0,1.6187675029038344,1.488073083403285,1.5175909059015238,7365.392138212446,6770.732529484946,6905.038621851933
4575.0,1.61859011300177,1.4864652082598298,1.516287707735889,7405.0497669830975,6800.578327788721,6937.016262891692
4600.0,1.6184137090873298,1.484874810020108,1.5149986747677069,7444.703061801717,6830.424126092496,6968.993903931451
4625.0,1.6182382803659254,1.4823797273349844,1.5128016993511877,7484.352046692406,6856.006238924303,6996.707859499243
4650.0,1.6180638162187002,1.4808283951028125,1.5115452689331186,7523.996745416956,6885.852037228078,7028.685500539002
4675.0,1.6178903061987413,1.4788376455178331,1.5098462671321446,7563.6371814791155,6913.5659927958695,7058.531298842776
4700.0,1.617717740027393,1.4773216576807755,1.5086189233792626,7603.273378128747,6943.411791099645,7090.508939882535
4725.0,1.6175461075906694,1.4749193447473972,1.5065022000953072,7642.905358365913,6968.993903931451,7118.222895450326
4750.0,1.617375398935761,1.4734399373126792,1.5048565671061267,7682.533144944865,6998.8397022352265,7148.068693754101
4775.0,1.6172056042676333,1.471529561843564,1.5032281658759952,7722.156760377949,7026.553657803018,7177.9144920578765
4800.0,1.6170367139457151,1.4696390861189184,1.5020608610620072,7761.7762269394325,7054.267613370808,7209.8921330976345
4825.0,1.6168687184806727,1.46776820081629,1.5000219872881713,7801.391566669246,7081.9815689386,7237.606088665426
4850.0,1.6167016085312693,1.4659166029910085,1.4984436880348868,7841.002801376656,7109.695524506391,7267.451886969201
4875.0,1.6165353749013023,1.4640839959126526,1.4968815764662515,7880.609952643848,7137.409480074181,7297.297685272976
4900.0,1.6163700085366222,1.461835018960406,1.4949003348654626,7920.213041829448,7162.991592905989,7325.011640840767
4925.0,1.6162055005222267,1.4600417357307167,1.493372068861836,7959.812090071966,7190.705548473779,7354.857439144542
4950.0,1.6160418420794282,1.4582665664730445,1.4918592398885488,7999.40711829317,7218.419504041571,7384.703237448317
4975.0,1.6158790245630932,1.4565092381124345,1.490361615226551,8038.998147201389,7246.133459609362,7414.549035752092
5000.0,1.615717039458952,1.4543431144882337,1.4884525982639765,8078.585197294759,7271.715572441169,7442.2629913198825
5025.0,1.6155558783809734,1.452622791643574,1.4865625764950594,8118.168288864391,7299.42952800896,7469.976946887674
5050.0,1.6153955330688081,1.4509195016983665,1.4851134148893959,8157.747441997481,7327.14348357675,7499.822745191449
5075.0,1.6152359953852933,1.4488129254007012,1.4836785307379752,8197.322676580363,7352.725596408558,7529.668543495224
5100.0,1.6150772573140186,1.4467270018118363,1.4818397056986303,8236.894012301495,7378.3077092403655,7557.382499063015
5125.0,1.614919310956953,1.4446614286970092,1.480018820415767,8276.461468654385,7403.889822072172,7585.096454630806
5150.0,1.6147621485321297,1.4430298597359152,1.4786295636766178,8316.025064940468,7431.6037776399635,7614.942252934581
5175.0,1.6146057623713852,1.4405901541518427,1.4764298291336015,8355.584820271919,7455.054047735786,7640.524365766388
5200.0,1.6144501449181565,1.4389938467891497,1.4750711853981082,8395.140753574415,7482.768003303578,7670.370164070163
5225.0,1.614295288725328,1.437004806915863,1.4733175348589387,8434.692883589838,7508.350116135384,7698.084119637954
5250.0,1.6141411864531323,1.4350347102794652,1.4715805857534752,8474.241228878946,7533.932228967192,7725.798075205745
5275.0,1.6139878308670998,1.4330832875448338,1.4698601006205756,8513.785807823951,7559.514341798998,7753.512030773536
5300.0,1.6138352148360573,1.4311502744586426,1.4681558464794957,8553.326638631104,7585.096454630806,7781.225986341327
5325.0,1.6136833313301746,1.429235411730068,1.466467594724717,8592.86373933318,7610.678567462613,7808.939941909118
5350.0,1.6135321734190555,1.427338444914845,1.4647951210237213,8632.397127791946,7636.26068029442,7836.653897476909
5375.0,1.6133817342698749,1.4250625023981847,1.4627415833132495,8671.926821700577,7659.710950390243,7862.236010308716
5400.0,1.6132320071455584,1.4232024191151946,1.4614966312245354,8711.452838586016,7685.2930632220505,7892.081808612491
5425.0,1.6130829854030049,1.4213594794569322,1.459870186945674,8750.975195811301,7710.875176053857,7919.795764180282
5450.0,1.6129346624913499,1.4191422836971892,1.457476336564423,8790.493910577858,7734.325446149681,7943.246034276105
5475.0,1.6127870319502673,1.4173347139692214,1.455883103167835,8830.008999927713,7759.907558981487,7970.959989843896
5500.0,1.612640087408313,1.4151559689231474,1.4543043537112157,8869.520480745721,7783.357829077311,7998.673945411687
5525.0,1.6124938225813037,1.4133827949156774,1.452739891579996,8909.028369761703,7808.939941909118,8026.387900979478
5550.0,1.612348231270733,1.4108573638322444,1.4508054078939254,8948.532683552568,7830.258369268957,8051.970013811286
5575.0,1.6122033073622237,1.409119368986684,1.4492706671531974,8988.033438544397,7855.840482100764,8079.683969379076
5600.0,1.612059044824015,1.4073968919522448,1.4473689432519434,9027.530651014484,7881.422594932571,8105.266082210884
5625.0,1.6119154377054836,1.4053107315606035,1.4458631178273198,9067.024337093346,7904.872865028395,8132.980037778674
5650.0,1.6117724801356956,1.402865715466944,1.4436159836946014,9106.51451276668,7926.191292388234,8156.430307874498
5675.0,1.6116301663219939,1.401193551580624,1.4421399583158219,9146.001193877315,7951.773405220041,8184.144263442289
5700.0,1.6114884905486142,1.3991620483010287,1.4403028730305434,9185.484396127102,7975.223675315864,8209.726376274097
5725.0,1.6113474471753324,1.3967759131311273,1.4384818321582362,9224.964135078779,7996.542102675703,8235.308489105902
5750.0,1.611207030636142,1.3947812822211352,1.4366766264239497,9264.440426157817,8019.992372771527,8260.89060193771
5775.0,1.6110672354379592,1.3928039208428311,1.4348870501765398,9303.913284654214,8043.44264286735,8286.472714769518
5800.0,1.6109280561593564,1.3908436056833058,1.4334804604029843,9343.382725724266,8066.892912963173,8314.186670337309
5825.0,1.6107894874493243,1.3885341356777703,1.4313539811902372,9382.848764392314,8088.211340323012,8337.63694043313
5850.0,1.6106515240260584,1.386608822293818,1.429610094575203,9422.311415552442,8111.661610418835,8363.219053264938
5875.0,1.6105141606757734,1.3846998945556865,1.4278810495483822,9461.77069397017,8135.111880514659,8388.801166096746
5900.0,1.610377392251542,1.3828071441712682,1.4261666574455176,9501.226614284098,8158.562150610482,8414.383278928553
5925.0,1.610241213672159,1.3805705616827546,1.4241069281053798,9540.679191007543,8179.880577970321,8437.833549024375
5950.0,1.6101056199210275,1.378352774005069,1.4224228003119634,9580.128438530113,8201.19900533016,8463.415661856183
5975.0,1.6099706060450716,1.3765103389834281,1.4207527656381573,9619.574371119303,8224.649275425983,8488.99777468799
6000.0,1.609836167153669,1.37397264334164,1.4187413407973024,9659.017002922013,8243.83586004984,8512.448044783814
6025.0,1.6097022984176075,1.3721636730532218,1.4167466082787779,9698.456347966085,8267.286130145661,8535.898314879636
6050.0,1.6095689950680634,1.3700172822323142,1.4151207318531311,9737.892420161783,8288.604557505501,8561.480427711444
6075.0,1.6094362523955996,1.36788855717948,1.4135082371264611,9777.325233303267,8309.922984865341,8587.062540543251
6100.0,1.6093040657491855,1.3657772806926523,1.4112099947382113,9816.754801070032,8331.24141222518,8608.38096790309
6125.0,1.609172430535237,1.3636832391159215,1.4096266254261056,9856.181137028327,8352.55983958502,8633.963080734897
6150.0,1.6090413422166756,1.3616062222674565,1.4080561290352365,9895.604254632555,8373.878266944857,8659.545193566704
6175.0,1.608910796312007,1.3595460233691818,1.406153111524296,9935.024167226644,8395.196694304697,8682.995463662528
6200.0,1.6087807883944178,1.3571585933755732,1.403921595326188,9974.44088804539,8414.383278928553,8704.313891022366
6225.0,1.608651314090892,1.3551328042230348,1.402392932346052,10013.854430215802,8435.701706288392,8729.896003854174
6250.0,1.6085223690813437,1.353123221383717,1.4005354038319995,10053.264806758398,8457.020133648231,8753.346273949997
6275.0,1.6083939490977668,1.3507899152624838,1.3983529404477826,10092.672030588486,8476.206718272086,8774.664701309835
6300.0,1.6082660499234047,1.3488135151796707,1.3965261859374063,10132.07611451745,8497.525145631926,8798.11497140566
6325.0,1.6081386673919322,1.3465156885779892,1.3950509224090857,10171.477071253972,8516.711730255782,8823.697084237467
6350.0,1.608011797386657,1.3445716783646646,1.3932515518635102,10210.874913405272,8538.03015761562,8847.14735433329
6375.0,1.6078854358397354,1.3419741018829008,1.3911318873244123,10250.269653478314,8555.084899503492,8868.465781693129
6400.0,1.6077595787314043,1.3400630198223953,1.3893618830920238,10289.661303880988,8576.40332686333,8891.916051788952
6425.0,1.6076342220892264,1.3378350056789394,1.3872738488947534,10329.04987692328,8595.589911487186,8913.23447914879
6450.0,1.6075093619873528,1.3359547812165933,1.3855325192627308,10368.435384818426,8616.908338847026,8936.684749244614
6475.0,1.6073849945457976,1.333430591619289,1.383475394070186,10407.81783968404,8633.963080734897,8958.003176604454
6500.0,1.607261115929728,1.3315817704761133,1.3817620687231196,10447.197253543232,8655.281508094737,8981.453446700278
6525.0,1.607137722348767,1.3294203973515082,1.3800618723059157,10486.573638325704,8674.468092718591,9004.9037167961
6550.0,1.6070148100563104,1.3269500510849561,1.3777237101404514,10525.947005868833,8691.522834606463,9024.090301419956
6575.0,1.6068923753488564,1.3248227253582232,1.3760517979491678,10565.317367918731,8710.709419230318,9047.540571515778
6600.0,1.6067704145653479,1.322711515735481,1.3740695452841845,10604.684736131296,8729.896003854174,9068.858998875618
6625.0,1.6066489240865272,1.3206162397702685,1.3724240405994628,10644.049122073242,8749.08258847803,9092.309268971441
6650.0,1.6065279003343043,1.3182161399046466,1.3701497524203452,10683.410537223122,8766.1373303659,9111.495853595296
6675.0,1.6064073397711347,1.315834018315172,1.368531254485561,10722.768992972324,8783.192072253772,9134.94612369112
6700.0,1.6062872388994098,1.3137878592354666,1.3666066494105908,10762.124500626045,8802.378656877627,9156.26455105096
6725.0,1.6061675942608606,1.3117569132344213,1.3646963536670331,10801.477071404288,8821.565241501483,9177.582978410797
6750.0,1.6060484024359698,1.3094251827243486,1.3624843797088375,10840.826716442796,8838.619983389353,9196.769563034653
6775.0,1.6059296600433954,1.307110660557524,1.3606033934161614,10880.173446794004,8855.674725277226,9218.087990394493
6800.0,1.6058113637394074,1.3048131569360435,1.3587362379050487,10919.51727342797,8872.729467165096,9239.406417754331
6825.0,1.60569351021733,1.3025324848429258,1.3568827611888896,10958.858207233277,8889.784209052968,9260.724845114171
6850.0,1.6055760962070005,1.3002684599913634,1.3547315955821935,10998.196259017954,8906.838950940839,9279.911429738026
6875.0,1.605459118474232,1.2983309869912283,1.352906161032417,11037.531439510345,8926.025535564695,9301.229857097866
6900.0,1.6053425738202889,1.2960985909351543,1.3510939542692326,11076.863759359994,8943.080277452565,9322.548284457705
6925.0,1.605226459081372,1.2935744659356612,1.3489869847049183,11116.193229138502,8958.003176604454,9341.73486908156
6950.0,1.6051107711281132,1.291375240070838,1.3472019131570359,11155.519859340387,8975.057918492324,9363.0532964414
6975.0,1.6049955068650763,1.289191779265978,1.345123997285341,11194.843660383907,8992.112660380197,9382.239881065254
7000.0,1.604880663230271,1.287023914609724,1.3433654726321562,11234.164642611897,9009.167402268067,9403.558308425094
7025.0,1.6047662371946725,1.2845680144370044,1.3413159990105268,11273.482816292575,9024.090301419956,9422.74489304895
7050.0,1.6046522257617517,1.282431921036571,1.3392810606628092,11312.79819162035,9041.145043307826,9441.931477672804
7075.0,1.6045386259670111,1.2803109237025723,1.3372605035048284,11352.110778716604,9058.199785195698,9461.11806229666
7100.0,1.6044254348775329,1.277604343888958,1.3352541756226077,11391.420587630484,9070.990841611601,9480.304646920515
7125.0,1.6043126495915307,1.2755151696139613,1.3332619272342976,11430.727628339657,9088.045583499474,9499.49123154437
7150.0,1.6042002672379125,1.2731424451260644,1.331283610652899,11470.031910751075,9102.96848265136,9518.677816168227
7175.0,1.6040882849758495,1.2710833762424019,1.3293190802497674,11509.33344470172,9120.023224539233,9537.864400792081
7200.0,1.6039766999943532,1.2684464279104355,1.3273681924188803,11548.632239959343,9132.814280955135,9557.050985415937
7225.0,1.6038655095118586,1.2664178578329424,1.3254308055418396,11587.928306223179,9149.869022843008,9576.237570039792
7250.0,1.6037547107758177,1.2638151833460567,1.3235067799536067,11627.221653124678,9162.66007925891,9595.424154663648
7275.0,1.603644301062296,1.2615234334585288,1.321595977908935,11666.512290228204,9177.582978410797,9614.610739287502
7300.0,1.6035342776755788,1.259247380488039,1.3194062302979965,11705.800227031725,9192.505877562686,9631.665481175374
7325.0,1.6034246379477834,1.2569868637152999,1.3175224663207137,11745.085472967514,9207.428776714572,9650.852065799229
7350.0,1.6033153792384776,1.2547417246076817,1.3153614704336192,11784.36803740281,9222.351675866461,9667.9068076871
7375.0,1.6032064989343051,1.2522227433603206,1.3132151253660977,11823.6479296405,9235.142732282364,9684.961549574971
7400.0,1.6030979944486172,1.2497207822565226,1.311371369486328,11862.925158919768,9247.933788698267,9704.148134198827
7425.0,1.6029898632211113,1.2475227862424452,1.3092529126042693,11902.19973441675,9262.856687850155,9721.2028760867
7450.0,1.6028821027174731,1.2453395418794686,1.3074348269410139,11941.471665245175,9277.779587002042,9740.389460710554
7475.0,1.6027747104290286,1.2428857048050765,1.3050585096805942,11980.74096045699,9290.570643417946,9755.312359862442
7500.0,1.6026676838723999,1.2407324723426445,1.3032665259315062,12020.007629042999,9305.493542569833,9774.498944486297
7525.0,1.6025610205891647,1.2380269443521266,1.3012031476909194,12059.271679933465,9316.152756249752,9791.553686374169
7550.0,1.6024547181455258,1.2359040603180982,1.2991534342068927,12098.53312199872,9331.07565540164,9808.60842826204
7575.0,1.6023487741319826,1.2335137573356494,1.297117250184807,12137.791964049768,9343.866711817544,9825.663170149912
7600.0,1.6022431861630102,1.2311391800307168,1.2950944621102345,12177.048214838878,9356.657768233448,9842.717912037782
7625.0,1.602137951876742,1.228780173724505,1.293084938219758,12216.301883060158,9369.448824649351,9859.772653925655
7650.0,1.602033068934659,1.226436585760164,1.2908098762192863,12255.55297735014,9382.239881065254,9874.695553077541
7675.0,1.6019285350212833,1.2238305009439967,1.2888273999954936,12294.80150628835,9392.899094745175,9891.750294965414
7700.0,1.6018243478438772,1.2215182014494905,1.286857796993933,12334.047478397853,9405.690151161078,9908.805036853284
7725.0,1.6017205051321464,1.219220868294755,1.284900942231865,12373.29090214583,9418.481207576982,9925.859778741156
7750.0,1.6016170046379485,1.2166632801621808,1.2826816358571669,12412.531785944102,9429.140421256901,9940.782677893043
7775.0,1.601513844135007,1.2143963315334796,1.2804766015491873,12451.770138149679,9441.931477672804,9955.705577044931
7800.0,1.6014110214186283,1.2121439146267576,1.278559015247795,12491.0059670653,9454.722534088709,9972.760318932802
7825.0,1.6013085343054243,1.209361010227814,1.2763812419277558,12530.239280939944,9463.249905032644,9987.683218084689
7850.0,1.6012063806330397,1.2068674036576514,1.2742173397753602,12569.470087969361,9473.909118712563,10002.606117236577
7875.0,1.601104558259882,1.204660339698853,1.2723378868729458,12608.69839629657,9486.700175128468,10019.660859124448
7900.0,1.601003065064858,1.2021973909884034,1.2702004757311818,12647.924214012377,9497.359388808387,10034.583758276336
7925.0,1.6009018989471133,1.199749981386537,1.2680765498332143,12687.147549155872,9508.018602488306,10049.506657428223
7950.0,1.6008010578257759,1.1973179642978902,1.2659659819597624,12726.368409714918,9518.677816168227,10064.429556580111
7975.0,1.6007005396397036,1.1949011949652848,1.263868646486771,12765.586803626637,9529.337029848146,10079.352455731998
8000.0,1.6006003423472364,1.1924995304410082,1.261784419360486,12804.802738777891,9539.996243528065,10094.275354883886
8025.0,1.6005004639259515,1.189847179373458,1.2597131780729935,12844.016223005761,9548.523614472,10109.198254035773
8050.0,1.6004009023724235,1.1874761277207355,1.2576548016382187,12883.22726409801,9559.182828151921,10124.121153187662
8075.0,1.6003016557019876,1.185119757502395,1.2553451652759833,12922.43586979355,9569.84204183184,10136.912209603564
8100.0,1.6002027219485049,1.182514742317997,1.2533129763895619,12961.642047782889,9578.369412775775,10151.835108755451
8125.0,1.6001040991641355,1.1799257579962723,1.2510309126364745,13000.8458057086,9586.896783719712,10164.626165171356
8150.0,1.6000057854191103,1.1776142328097707,1.2490244250703364,13040.047151165749,9597.555997399631,10179.549064323242
8175.0,1.5999077788015095,1.175316845391994,1.2470302095994044,13079.24609170234,9608.21521107955,10194.47196347513
8200.0,1.5998100774170434,1.1727734856126202,1.244788173157443,13118.442634819756,9616.742582023486,10207.263019891034
8225.0,1.5997126793888365,1.1702455869869206,1.2425597661163448,13157.63678797318,9625.269952967423,10220.054076306937
8250.0,1.5996155828572154,1.1677330089589524,1.2406032697525848,13196.828558572028,9633.797323911358,10234.976975458825
8275.0,1.5995187859794988,1.1652356126713346,1.2384009706193024,13236.017953980352,9642.324694855293,10247.768031874728
8300.0,1.5994222869297927,1.162753260939666,1.236211938348269,13275.20498151728,9650.852065799229,10260.559088290633
8325.0,1.5993260838987862,1.1602858182274072,1.2340360534182024,13314.389648457394,9659.379436743166,10273.350144706536
8350.0,1.5992301750935518,1.1578331506212096,1.231873197739214,13353.571962031157,9667.9068076871,10286.141201122438
8375.0,1.5991345587373502,1.1553951258066908,1.229723254631444,13392.751929425309,9676.434178631036,10298.932257538343
8400.0,1.5990392330694332,1.1524640314408339,1.227586108804077,13431.929557783238,9680.697864103004,10311.723313954246
8425.0,1.5989441963448556,1.1500564077207052,1.2254616463347359,13471.104854205409,9689.22523504694,10324.51437037015
8450.0,1.5988494468342858,1.1476630302947781,1.2233497546492371,13510.277825749714,9697.752605990876,10337.305426786053
8475.0,1.5987549828238194,1.1450322282240504,1.2209987776361029,13549.44847943187,9704.148134198827,10347.964640465972
8500.0,1.5986608026147986,1.1426677064873838,1.2189124349272797,13588.616822225787,9712.675505142763,10360.755696881877
8525.0,1.5985669045236308,1.140066983384248,1.2165882593034365,13627.782861063954,9719.071033350714,10371.414910561796
8550.0,1.5984732868816114,1.1374814691881483,1.2145270136816022,13666.946602837777,9725.466561558667,10384.205966977699
8575.0,1.5983799480347491,1.1349110308765735,1.2122291755868944,13706.108054397973,9731.862089766619,10394.86518065762
8600.0,1.5982868863435948,1.1323555369737872,1.2099446970159928,13745.267222554916,9738.25761797457,10405.524394337539
8625.0,1.5981941001830695,1.1298148575284084,1.2079206319714135,13784.424114078975,9744.653146182522,10418.315450753442
8650.0,1.5981015879422997,1.127288864091384,1.2056618109171517,13823.578735700892,9751.048674390473,10428.974664433363
8675.0,1.5980093480244513,1.1247774296943431,1.2034160090044128,13862.731094112114,9757.444202598426,10439.633878113282
8700.0,1.5979173788465666,1.1220353894333785,1.2011831139992184,13901.88119596513,9761.707888070394,10450.2930917932
8725.0,1.5978256788394063,1.1195534001465153,1.19920735223027,13941.02904787382,9768.103416278345,10463.084148209105
8750.0,1.5977342464472892,1.11684195448575,1.196755602188919,13980.174656413781,9772.367101750313,10471.61151915304
8775.0,1.5976430801279387,1.1143889036989476,1.1945607672744114,14019.318028122661,9778.762629958264,10482.27073283296
8800.0,1.5975521783523279,1.1119497907007063,1.1923784030128273,14058.459169500486,9785.158158166216,10492.92994651288
8825.0,1.5974615396045304,1.1090413598756035,1.1902084034212803,14097.598087009981,9787.290000902201,10503.5891601928
8850.0,1.5973711623815696,1.1066311332327856,1.1878097775295746,14136.734787076892,9793.685529110153,10512.116531136735
8875.0,1.5972810451932722,1.1039942776993938,1.1856648726553976,14175.86927609029,9797.94921458212,10522.775744816654
8900.0,1.5971911865621244,1.1013722359611335,1.183532017808604,14215.001560402907,9802.212900054088,10533.434958496575
8925.0,1.597101585023128,1.0987648835323311,1.181172249797256,14254.131646331418,9806.476585526056,10541.96232944051
8950.0,1.5970122391236605,1.096172097318215,1.178825664847424,14293.259540156761,9810.740270998023,10550.489700384445
8975.0,1.5969231474233354,1.0935937555955422,1.1767296840183137,14332.385248124436,9815.003956469991,10561.148914064366
9000.0,1.596834308493866,1.0907928665784417,1.1744084761120335,14371.508776444794,9817.135799205975,10569.676285008301
9025.0,1.5967457209189317,1.0882437102136227,1.1721001280833503,14410.63013129336,9821.399484677944,10578.203655952237
9050.0,1.596657383294042,1.0857086375856255,1.1700400960919508,14449.74931881108,9825.663170149912,10588.862869632156
9075.0,1.5965692942264076,1.0831875322999316,1.1677565003389634,14488.866345104649,9829.92685562188,10597.390240576093
9100.0,1.5964814523348105,1.0804460108085565,1.1654854518153877,14527.981216246775,9832.058698357863,10605.917611520028
9125.0,1.596393856249476,1.0777195113527505,1.1629932207921074,14567.093938276468,9834.190541093847,10612.31313972798
9150.0,1.5963065046119473,1.0750079108010744,1.1607475967947447,14606.204517199318,9836.32238382983,10620.840510671915
9175.0,1.5962193960749613,1.0725434407958363,1.158514210530338,14645.31295898777,9840.586069301798,10629.367881615852
9200.0,1.5961325293023259,1.0698606426128023,1.1562929622347595,14684.419269581398,9842.717912037782,10637.895252559787
9225.0,1.5960459029687988,1.0671923853413297,1.1538526591618146,14723.523454887169,9844.849754773766,10644.290780767738
9250.0,1.5959595157599695,1.064538551082135,1.151656016401262,14762.625520779718,9846.98159750975,10652.818151711674
9275.0,1.5958733663721412,1.0616691749336657,1.1494712153806588,14801.72547310161,9846.98159750975,10661.34552265561
9300.0,1.5957874535122145,1.0590444559404015,1.147068930200383,14840.823317663595,9849.113440245734,10667.741050863562
9325.0,1.5957017758975738,1.0564338105074227,1.1446795259057923,14879.919060244876,9851.245282981718,10674.136579071514
9350.0,1.5956163322559735,1.0538371257452086,1.1425309037449678,14919.012706593352,9853.377125717701,10682.663950015449
9375.0,1.5955311213254282,1.051026893409888,1.1401663443438295,14958.10426242589,9853.377125717701,10689.0594782234
9400.0,1.5954461418541006,1.0484584008993283,1.1378143623863142,14997.193733428545,9855.508968453687,10695.455006431353
9425.0,1.595361392600196,1.0454511539223026,1.1354748577866636,15036.281125256846,9853.377125717701,10701.850534639305
9450.0,1.595276872331852,1.0429110019527712,1.1331477315182281,15075.366443536,9855.508968453687,10708.246062847256
9475.0,1.5951925798270368,1.0401592578842942,1.1308328855994942,15114.449693861174,9855.508968453687,10714.641591055208
9500.0,1.5951085138734413,1.0376464011778601,1.1285302230803325,15153.530881797693,9857.64081118967,10721.03711926316
9525.0,1.5950246732683795,1.0349229198099392,1.1262396480284633,15192.610012881314,9857.64081118967,10727.432647471112
9550.0,1.5949410568186853,1.0319904679009095,1.1239610655161323,15231.687092618444,9855.508968453687,10733.828175679064
9575.0,1.5948576633406124,1.0292959758176174,1.1214717348460608,15270.762126486365,9855.508968453687,10738.091861151031
9600.0,1.5947744916597368,1.026615517547259,1.1192174363915608,15309.835119933474,9855.508968453687,10744.487389358983
9625.0,1.5946915406108588,1.023948983735448,1.1169748485783828,15348.906078379516,9855.508968453687,10750.882917566934
9650.0,1.5946088090379058,1.0212962661610039,1.1145229640454821,15387.975007215791,9855.508968453687,10755.146603038902
9675.0,1.5945262957938389,1.0184369122188839,1.1120837507504775,15427.04191180539,9853.377125717701,10759.41028851087
9700.0,1.594443999740558,1.01559229721461,1.1098768883215282,15466.106797483411,9851.245282981718,10765.805816718823
9725.0,1.5943619197488101,1.0127623074802812,1.1074621596083074,15505.169669557179,9849.113440245734,10770.06950219079
9750.0,1.5942800546980977,1.0101654810508445,1.1050598141192571,15544.230533306452,9849.113440245734,10774.333187662758
9775.0,1.5941984034765886,1.0073638462925576,1.102669756842427,15583.289393983654,9846.98159750975,10778.596873134726
9800.0,1.594116964981027,1.0045765055891598,1.100291893735377,15622.346256814064,9844.849754773766,10782.860558606693
9825.0,1.5940357381166457,1.0020203312746836,1.0979261317128408,15661.401126996043,9844.849754773766,10787.124244078661
9850.0,1.5939547217970789,0.9990442709951064,1.0955723786345817,15700.454009701227,9840.586069301798,10791.387929550629
9875.0,1.5938739149442778,0.9962991621838799,1.0932305432934277,15739.504910074744,9838.454226565815,10795.651615022598
9900.0,1.5937933164884244,0.9935679175585688,1.0909005354034915,15778.5538332354,9836.32238382983,10799.915300494566
9925.0,1.59371292536785,0.9906356371141424,1.0885822655885675,15817.60078427591,9832.058698357863,10804.178985966533
9950.0,1.5936327405289508,0.9879323472986814,1.0860613898193485,15856.64576826306,9829.92685562188,10806.310828702517
9975.0,1.5935527609261075,0.9852426078081098,1.0835531500188973,15895.688790237922,9827.795012885896,10808.4426714385
10000.0,1.5934729855216057,0.9821399484677944,1.0812706356910469,15934.729855216057,9821.399484677944,10812.706356910468
10025.0,1.593393413285555,0.9794780690216418,1.078786852832564,15973.76896818769,9819.267641941959,10814.838199646452
10050.0,1.5933140431958117,0.9766173091014916,1.0765275507580516,16012.806134117907,9815.003956469991,10819.10188511842
10075.0,1.5932348742379014,0.9739823437949386,1.0740678638068888,16051.841357946858,9812.872113734007,10821.233727854404
10100.0,1.5931559054049422,0.9711493493328752,1.0716203535238007,16090.874644589916,9808.60842826204,10823.365570590388
10125.0,1.5930771356975693,0.9683303449669207,1.0691849297112466,16129.90599893789,9804.344742790072,10825.497413326371
10150.0,1.5929985641238606,0.9653151935548887,1.0667615030603306,16168.935425857186,9797.94921458212,10827.629256062355
10175.0,1.5929201896992637,0.9625243763253222,1.064349985139886,16207.96293019001,9793.685529110153,10829.76109879834
10200.0,1.5928420114465214,0.9597472395723711,1.0619502883857181,16246.988516754518,9789.421843638185,10831.892941534325
10225.0,1.5927640283956022,0.9569836829502412,1.0595623260900058,16286.012190345033,9785.158158166216,10834.024784270308
10250.0,1.592686239583628,0.9542336070921218,1.0569780277336887,16325.033955732188,9780.894472694248,10834.024784270308
10275.0,1.5926086440548037,0.9510819563747264,1.0546137836502474,16364.053817663109,9772.367101750313,10836.156627006292
10300.0,1.5925312408603496,0.9483595549784801,1.0522610164798327,16403.0717808616,9768.103416278345,10838.288469742276
10325.0,1.5924540290584313,0.9454438632513699,1.0497131689823027,16442.087850028303,9761.707888070394,10838.288469742276
10350.0,1.5923770077140933,0.9425422569915404,1.0471776299267899,16481.102029840866,9755.312359862442,10838.288469742276
10375.0,1.592300175899192,0.9398601131942624,1.044859789154531,16520.114324954116,9751.048674390473,10840.42031247826
10400.0,1.592223532692329,0.9369858794406271,1.0423481069690634,16559.12474000022,9744.653146182522,10840.42031247826
10425.0,1.5921470771787882,0.9339209376727661,1.0398484712209362,16598.133279588867,9736.125775238586,10840.42031247826
10450.0,1.5920708084504682,0.9310746647876206,1.037360795452465,16637.139948307395,9729.730247030635,10840.42031247826
10475.0,1.5919947256058222,0.9282419779305664,1.0348849940313374,16676.14475072099,9723.334718822683,10840.42031247826
10500.0,1.5919188277497922,0.9254227800585457,1.0324209821407866,16715.14769137282,9716.93919061473,10840.42031247826
10525.0,1.591843113993749,0.9226169750505253,1.029968675769906,16754.148774784207,9710.543662406779,10840.42031247826
10550.0,1.5917675834554301,0.9196223972950562,1.0275279917041005,16793.148005454786,9702.016291462844,10840.42031247826
10575.0,1.5916922352588794,0.9166419782996603,1.0250988475156746,16832.14538786265,9693.488920518908,10840.42031247826
10600.0,1.5916170685343862,0.9136756178844313,1.022480044315309,16871.140926464494,9684.961549574971,10838.288469742276
10625.0,1.5915420824184283,0.910923860834543,1.0200742089169201,16910.134625695802,9678.56602136702,10838.288469742276
10650.0,1.5914672760536115,0.9079848498049845,1.0174794954935487,16949.126489970964,9670.038650423085,10836.156627006292
10675.0,1.5913926485886127,0.9050596046350491,1.0150966395322054,16988.116523683442,9661.51127947915,10836.156627006292
10700.0,1.591318199178123,0.9021480288350667,1.012525680772926,17027.104731205916,9652.983908535214,10834.024784270308
10725.0,1.5912439269827903,0.8990512535995612,1.0099667078353682,17066.091116890424,9642.324694855293,10831.892941534325
10750.0,1.5911698311691649,0.8961671929219868,1.0076179480497045,17105.07568506852,9633.797323911358,10831.892941534325
10775.0,1.591095910909643,0.8932965153566054,1.00508223654741,17144.0584400514,9625.269952967423,10829.76109879834
10800.0,1.5910221653824141,0.8904391279651376,1.002558264450218,17183.039386130073,9616.742582023486,10827.629256062355
10825.0,1.590948593771405,0.8873980016945558,1.0000459504227595,17222.01852757546,9606.083368343567,10825.497413326371
10850.0,1.5908751952662272,0.8845673730322241,0.9975452138792984,17260.995868638565,9597.555997399631,10823.365570590388
10875.0,1.5908019690621265,0.8813576957226416,0.9948599434591651,17299.971413550626,9584.764940983727,10819.10188511842
10900.0,1.5907289143599275,0.8785539055082378,0.9923825726956363,17338.945166523208,9576.237570039792,10816.970042382436
10925.0,1.5906560303659842,0.8755678129391188,0.9899165400134052,17377.917131748378,9565.578356359872,10814.838199646452
10950.0,1.5905833162921297,0.8725953554958862,0.9872670789200443,17416.88731339882,9554.919142679953,10810.574514174485
10975.0,1.5905107713556246,0.869636440000003,0.9848239336162643,17455.85571562798,9544.259929000033,10808.4426714385
11000.0,1.5904383947791076,0.8664971702349209,0.9821980896333212,17494.822342570184,9531.46887258413,10804.178985966533
11025.0,1.5903661857905478,0.863565501941425,0.9795841542398699,17533.78719834079,9520.80965890421,10799.915300494566
11050.0,1.590294143623194,0.8606470991153203,0.9771749735528128,17572.750287036295,9510.15044522429,10797.783457758582
11075.0,1.5902222675155284,0.8577418719227423,0.97458417808457,17611.711612734478,9499.49123154437,10793.519772286612
11100.0,1.590150556711219,0.8546576734349971,0.9720050528661842,17650.671179494533,9486.700175128468,10789.256086814645
11125.0,1.5900790104590714,0.8517789628268357,0.9694375192218136,17689.62899135717,9476.040961448547,10784.992401342677
11150.0,1.5900076280129842,0.848530767918983,0.9668814991812296,17728.585052344773,9461.11806229666,10780.72871587071
11175.0,1.5899364086319017,0.8456786441715203,0.9643369154719232,17767.5393664615,9450.45884861674,10776.465030398742
11200.0,1.5898653515797698,0.8424585669165047,0.961613348409892,17806.491937693423,9435.535949464853,10770.06950219079
11225.0,1.58979445612549,0.839632671339415,0.959091832224394,17845.442770008623,9424.876735784934,10765.805816718823
11250.0,1.589723721542876,0.8366298381661359,0.9565815227774982,17884.391867357353,9412.08567936903,10761.542131246855
11275.0,1.5896531471106092,0.8336403213262196,0.9538932685622086,17923.33923367212,9399.294622953126,10755.146603038902
11300.0,1.5895827321121963,0.8304753737877203,0.9514055679262774,17962.28487286782,9384.37172380124,10750.882917566934
11325.0,1.5895124758359247,0.8275126417117293,0.948740608331919,18001.228788841847,9371.580667385335,10744.487389358983
11350.0,1.589442377574822,0.8243751337650616,0.9462752162014991,18040.17098547423,9356.657768233448,10740.223703887015
11375.0,1.589372436626614,0.8214388318081357,0.943633246213544,18079.111466627735,9343.866711817544,10733.828175679064
11400.0,1.5893026522936806,0.818515408368565,0.9410028638132555,18118.05023614796,9331.07565540164,10727.432647471112
11425.0,1.5892330238830186,0.8154181843544641,0.9383839929333181,18156.98729786349,9316.152756249752,10721.03711926316
11450.0,1.589163550706198,0.8121482981975443,0.9357765581707606,18195.922655585968,9299.098014361882,10714.641591055208
11475.0,1.5890942320793244,0.8090784414126357,0.9331804847797174,18234.85631311025,9284.175115209995,10708.246062847256
11500.0,1.5890250673229969,0.8060219318311397,0.9305956986642874,18273.788274214465,9269.252216058107,10701.850534639305
11525.0,1.5889560557622708,0.803163658103445,0.9278371508629386,18312.71854266017,9256.461159642204,10693.323163695368
11550.0,1.5888871967266178,0.7999486075977776,0.9252751199556205,18351.647122192437,9239.406417754331,10686.927635487416
11575.0,1.588818489549888,0.7967474449992623,0.9225399796581841,18390.574016539955,9222.351675866461,10678.400264543481
11600.0,1.5887499335702722,0.793743860061601,0.920000408304787,18429.499229415156,9207.428776714572,10672.00473633553
11625.0,1.5886815281302626,0.7905698094474582,0.9172883755175565,18468.422764514304,9190.374034826702,10663.477365391595
11650.0,1.5886132725766189,0.7875923721609281,0.9147709731488104,18507.34462551761,9175.451135674813,10657.081837183641
11675.0,1.588545166260328,0.7846276862118139,0.9120817529969769,18546.26481608933,9160.528236522927,10648.554466239706
11700.0,1.5884772085365702,0.7814934610799192,0.9094040252389548,18585.18333987787,9143.473494635055,10640.02709529577
11725.0,1.5884093987646817,0.778190781237629,0.9067377163626299,18624.10020051589,9124.2869100112,10631.499724351836
11750.0,1.5883417363081205,0.7750835887764534,0.9040827534815232,18663.015401620414,9107.232168123328,10622.972353407898
11775.0,1.588274220534429,0.7719895903384677,0.9014390643281498,18701.9289467929,9090.177426235457,10614.444982463963
11800.0,1.5882068508152014,0.7689087020633547,0.89880657724746,18740.840839619377,9073.122684347585,10605.917611520028
11825.0,1.5881396265260483,0.7658408407999758,0.8960049385065632,18779.751083670522,9056.067942459715,10595.258397840109
11850.0,1.5880725470465626,0.7627859240988897,0.8933950233667656,18818.659682501766,9039.013200571842,10586.731026896172
11875.0,1.5880056117602848,0.7595643466061464,0.8907960973433462,18857.56663965338,9019.826615947988,10578.203655952237
11900.0,1.5879388200546718,0.7563563051532884,0.8880289447287661,18896.471958650593,9000.640031324132,10567.544442272318
11925.0,1.587872171321062,0.7531617146079898,0.8852733944312282,18935.375643003663,8981.453446700278,10556.885228592397
11950.0,1.5878056649546435,0.7501588874320004,0.8827077705145157,18974.277696207988,8964.398704812405,10548.357857648462
11975.0,1.5877393003544216,0.7469905737109436,0.8799748345693981,19013.178121744197,8945.21212018855,10537.698643968542
12000.0,1.5876730769231864,0.7438354612970579,0.8772532858573853,19052.076923078235,8926.025535564695,10527.039430288623
